1883 Cleveland Blues	0.55	4.76
1883 Detroit Wolverines	0.396	5.19
1884 Cincinnati Outlaw Reds	0.657	6.7
1884 Baltimore Monumentals	0.547	6.25
1884 Baltimore Orioles	0.583	5.89
1884 Philadelphia Athletics	0.565	6.48
1884 Brooklyn Atlantics	0.367	4.37
1884 Columbus Buckeyes	0.627	5.32
1884 Indianapolis Hoosiers	0.264	4.2
1884 Louisville Eclipse	0.618	5.21
1884 Pittsburg Alleghenys	0.273	3.69
1884 St. Louis Browns	0.609	5.98
1884 Toledo Blue Stockings	0.418	4.21
1884 Boston Reds	0.523	5.73
1884 Cincinnati Red Stockings	0.607	6.73
1884 New York Metropolitans	0.67	6.55
1884 Chicago White Stockings	0.549	7.38
1884 Cleveland Blues	0.31	4.05
1884 Philadelphia Quakers	0.345	4.86
1884 Detroit Wolverines	0.246	3.9
1884 Providence Grays	0.737	5.83
1884 St. Louis Maroons	0.825	7.78
1884 Washington Nationals	0.412	5.02
1884 Buffalo Bisons	0.557	6.09
1884 Boston Beaneaters	0.629	5.9
1884 New York Gothams	0.534	5.97
1885 New York Metropolitans	0.407	4.87
1885 Detroit Wolverines	0.38	4.76
1885 Baltimore Orioles	0.373	4.92
1885 Providence Grays	0.482	4.02
1885 Pittsburg Alleghenys	0.505	4.93
1885 Philadelphia Quakers	0.505	4.62
1885 St. Louis Maroons	0.324	3.51
1885 Brooklyn Grays	0.473	5.57
1885 Cincinnati Red Stockings	0.563	5.73
1885 Louisville Colonels	0.473	5.04
1885 St. Louis Browns	0.705	6.04
1885 Buffalo Bisons	0.339	4.42
1885 New York Giants	0.759	6.17
1885 Philadelphia Athletics	0.487	6.76
1885 Boston Beaneaters	0.407	4.67
1885 Chicago White Stockings	0.77	7.38
1886 Boston Beaneaters	0.475	5.57
1886 Philadelphia Quakers	0.597	5.22
1886 New York Giants	0.605	5.58
1886 Washington Nationals	0.224	3.56
1886 Chicago White Stockings	0.714	7.14
1886 Detroit Wolverines	0.69	6.58
1886 Kansas City Cowboys	0.238	3.92
1886 St. Louis Maroons	0.341	4.34
1886 New York Metropolitans	0.387	4.58
1886 Louisville Colonels	0.478	6.04
1886 Baltimore Orioles	0.345	4.5
1886 Philadelphia Athletics	0.453	5.55
1886 St. Louis Browns	0.669	6.79
1886 Pittsburg Alleghenys	0.571	5.79
1886 Brooklyn Grays	0.539	5.9
1886 Cincinnati Red Stockings	0.461	6.26
1887 Pittsburg Alleghenys	0.44	4.97
1887 Washington Nationals	0.365	4.77
1887 Boston Beaneaters	0.48	6.54
1887 Chicago White Stockings	0.559	6.4
1887 Detroit Wolverines	0.622	7.63
1887 Indianapolis Hoosiers	0.291	4.94
1887 Philadelphia Quakers	0.586	7.04
1887 New York Giants	0.527	6.33
1887 Cleveland Blues	0.293	5.48
1887 Cincinnati Red Stockings	0.596	6.56
1887 Philadelphia Athletics	0.467	6.52
1887 Brooklyn Grays	0.435	6.55
1887 New York Metropolitans	0.319	5.46
1887 St. Louis Browns	0.688	8.2
1887 Louisville Colonels	0.547	6.88
1887 Baltimore Orioles	0.546	6.91
1888 Kansas City Cowboys	0.326	4.39
1888 Philadelphia Quakers	0.523	4.05
1888 Detroit Wolverines	0.507	5.38
1888 Cleveland Blues	0.37	4.82
1888 Philadelphia Athletics	0.596	6.08
1888 Chicago White Stockings	0.566	5.4
1888 Indianapolis Hoosiers	0.368	4.43
1888 Washington Nationals	0.353	3.54
1888 Baltimore Orioles	0.416	4.77
1888 Cincinnati Red Stockings	0.584	5.44
1888 St. Louis Browns	0.672	5.76
1888 Boston Beaneaters	0.511	4.88
1888 New York Giants	0.609	4.78
1888 Louisville Colonels	0.345	4.96
1888 Pittsburg Alleghenys	0.475	3.84
1888 Brooklyn Bridegrooms	0.615	5.3
1889 Washington Nationals	0.323	4.98
1889 Philadelphia Quakers	0.485	5.71
1889 New York Giants	0.634	7.14
1889 Boston Beaneaters	0.624	6.21
1889 Pittsburg Alleghenys	0.455	5.42
1889 Indianapolis Hoosiers	0.437	6.07
1889 Chicago White Stockings	0.493	6.38
1889 Cleveland Spiders	0.449	4.82
1889 Philadelphia Athletics	0.543	6.38
1889 Baltimore Orioles	0.504	5.69
1889 Kansas City Cowboys	0.396	6.13
1889 Brooklyn Bridegrooms	0.664	7.11
1889 Columbus Solons	0.429	5.56
1889 Louisville Colonels	0.193	4.51
1889 Cincinnati Red Stockings	0.539	6.36
1889 St. Louis Browns	0.638	6.79
1890 Brooklyn Gladiators	0.26	4.92
1890 Syracuse Stars	0.43	5.45
1890 Pittsburgh Burghers	0.469	6.52
1890 Brooklyn Bridegrooms	0.667	6.85
1890 Boston Reds	0.623	7.63
1890 Cleveland Infants	0.42	6.48
1890 Philadelphia Athletics	0.409	5.32
1890 New York Giants	0.561	7.71
1890 Philadelphia Athletics	0.515	7.13
1890 Rochester Broncos	0.474	5.33
1890 Philadelphia Phillies	0.586	6.19
1890 Brooklyn Ward's Wonders	0.571	7.25
1890 Toledo Maumees	0.507	5.51
1890 Boston Beaneaters	0.567	5.69
1890 Cincinnati Reds	0.575	5.62
1890 Buffalo Bisons	0.269	5.92
1890 New York Giants	0.467	5.28
1890 Louisville Colonels	0.647	6.02
1890 Cleveland Spiders	0.324	4.63
1890 Pittsburg Alleghenys	0.167	4.33
1890 Chicago Pirates	0.543	6.42
1890 St. Louis Browns	0.561	6.26
1890 Chicago Colts	0.597	6.09
1890 Columbus Solons	0.564	5.94
1891 Cincinnati Kelly's Killers	0.422	5.38
1891 New York Giants	0.522	5.54
1891 Brooklyn Grooms	0.445	5.58
1891 Chicago Colts	0.599	6.07
1891 Pittsburgh Pirates	0.401	4.96
1891 Columbus Solons	0.442	5.09
1891 Cincinnati Reds	0.406	4.68
1891 Philadelphia Phillies	0.493	5.48
1891 Baltimore Orioles	0.511	6.12
1891 Boston Reds	0.669	7.4
1891 Washington Statesmen	0.317	4.97
1891 Boston Beaneaters	0.621	6.05
1891 Louisville Colonels	0.383	5.06
1891 St. Louis Browns	0.603	6.92
1891 Cleveland Spiders	0.461	5.92
1891 Philadelphia Athletics	0.51	5.71
1892 Chicago Colts	0.476	4.32
1892 Baltimore Orioles	0.303	5.13
1892 Boston Beaneaters	0.671	5.67
1892 Cleveland Spiders	0.608	5.59
1892 New York Giants	0.464	5.3
1892 Washington Senators	0.379	4.78
1892 Louisville Colonels	0.409	4.21
1892 Cincinnati Reds	0.529	4.94
1892 Philadelphia Phillies	0.561	5.55
1892 Pittsburgh Pirates	0.516	5.17
1892 St. Louis Browns	0.361	4.54
1892 Brooklyn Grooms	0.601	5.92
1893 Louisville Colonels	0.397	6.02
1893 Chicago Colts	0.438	6.48
1893 Cleveland Spiders	0.566	7.57
1893 Baltimore Orioles	0.462	6.31
1893 Brooklyn Grooms	0.5	5.96
1893 Washington Senators	0.308	5.55
1893 Boston Beaneaters	0.656	7.69
1893 Cincinnati Reds	0.496	5.79
1893 Pittsburgh Pirates	0.618	7.4
1893 Philadelphia Phillies	0.541	7.6
1893 St. Louis Browns	0.422	5.52
1893 New York Giants	0.5	6.92
1894 Baltimore Orioles	0.69	9.08
1894 Philadelphia Phillies	0.55	8.86
1894 Cleveland Spiders	0.523	7.17
1894 Louisville Colonels	0.277	5.32
1894 Cincinnati Reds	0.417	6.89
1894 Pittsburgh Pirates	0.492	7.23
1894 Washington Senators	0.341	6.68
1894 Boston Beaneaters	0.624	9.17
1894 St. Louis Browns	0.421	5.8
1894 Brooklyn Grooms	0.522	7.62
1894 Chicago Colts	0.422	7.71
1894 New York Giants	0.642	6.86
1895 Cleveland Spiders	0.641	7
1895 Baltimore Orioles	0.659	7.64
1895 Boston Beaneaters	0.538	6.87
1895 Cincinnati Reds	0.5	6.84
1895 New York Giants	0.5	6.45
1895 Washington Senators	0.326	6.34
1895 Brooklyn Grooms	0.534	6.52
1895 Chicago Colts	0.541	6.51
1895 Louisville Colonels	0.263	5.25
1895 Philadelphia Phillies	0.586	8.03
1895 Pittsburgh Pirates	0.53	6.05
1895 St. Louis Browns	0.289	5.53
1896 Cincinnati Reds	0.602	6.12
1896 Philadelphia Phillies	0.477	6.85
1896 Pittsburgh Pirates	0.504	6.01
1896 St. Louis Browns	0.305	4.53
1896 Baltimore Orioles	0.682	7.54
1896 Boston Beaneaters	0.561	6.52
1896 Chicago Colts	0.538	6.17
1896 Brooklyn Bridegrooms	0.436	5.2
1896 New York Giants	0.481	6.23
1896 Washington Senators	0.436	6.15
1896 Louisville Colonels	0.284	4.87
1896 Cleveland Spiders	0.593	6.22
1897 Cleveland Spiders	0.523	5.86
1897 St. Louis Browns	0.22	4.45
1897 Cincinnati Reds	0.567	5.69
1897 Louisville Colonels	0.388	4.99
1897 Philadelphia Phillies	0.41	5.61
1897 Boston Beaneaters	0.689	7.59
1897 Pittsburgh Pirates	0.444	5.01
1897 Washington Senators	0.452	5.79
1897 Baltimore Orioles	0.662	7.09
1897 Brooklyn Bridegrooms	0.449	5.9
1897 New York Giants	0.606	6.53
1897 Chicago Colts	0.428	6.03
1898 Brooklyn Bridegrooms	0.362	4.28
1898 Philadelphia Phillies	0.52	5.49
1898 Boston Beaneaters	0.671	5.74
1898 Chicago Orphans	0.559	5.45
1898 Pittsburgh Pirates	0.474	4.17
1898 Baltimore Orioles	0.623	6.06
1898 Louisville Colonels	0.455	4.73
1898 St. Louis Browns	0.253	3.71
1898 Washington Senators	0.329	4.54
1898 Cleveland Spiders	0.519	4.68
1898 Cincinnati Reds	0.586	5.29
1898 New York Giants	0.49	5.33
1899 Brooklyn Superbas	0.673	5.95
1899 Baltimore Orioles	0.566	5.44
1899 Chicago Orphans	0.493	5.34
1899 New York Giants	0.395	4.83
1899 Boston Beaneaters	0.621	5.61
1899 Cleveland Spiders	0.13	3.44
1899 Philadelphia Phillies	0.61	5.95
1899 Pittsburgh Pirates	0.494	5.42
1899 Louisville Colonels	0.484	5.34
1899 St. Louis Perfectos	0.542	5.28
1899 Washington Senators	0.348	4.79
1899 Cincinnati Reds	0.532	5.49
1900 Pittsburgh Pirates	0.564	5.24
1900 New York Giants	0.426	5.06
1900 Philadelphia Phillies	0.532	5.74
1900 Brooklyn Superbas	0.577	5.75
1900 Boston Beaneaters	0.465	5.48
1900 St. Louis Cardinals	0.458	5.24
1900 Cincinnati Reds	0.431	4.88
1900 Chicago Orphans	0.445	4.35
1901 Baltimore Orioles	0.504	5.63
1901 Detroit Tigers	0.544	5.45
1901 Chicago White Sox	0.606	5.98
1901 Philadelphia Athletics	0.54	5.88
1901 Brooklyn Superbas	0.577	5.43
1901 Boston Americans	0.572	5.5
1901 Cleveland Blues	0.391	4.83
1901 Washington Senators	0.442	4.94
1901 Milwaukee Brewers	0.345	4.61
1901 Boston Beaneaters	0.493	3.79
1901 Chicago Orphans	0.379	4.13
1901 Philadelphia Phillies	0.593	4.77
1901 Pittsburgh Pirates	0.643	5.54
1901 New York Giants	0.369	3.86
1901 Cincinnati Reds	0.366	3.95
1901 St. Louis Cardinals	0.535	5.58
1902 Cleveland Bronchos	0.504	5.01
1902 Detroit Tigers	0.38	4.13
1902 Philadelphia Athletics	0.606	5.66
1902 Boston Americans	0.558	4.81
1902 Chicago White Sox	0.536	4.89
1902 Washington Senators	0.442	5.12
1902 Philadelphia Phillies	0.406	3.51
1902 New York Giants	0.345	2.88
1902 St. Louis Browns	0.557	4.42
1902 St. Louis Cardinals	0.4	3.69
1902 Baltimore Orioles	0.355	5.07
1902 Brooklyn Superbas	0.532	4
1902 Chicago Orphans	0.482	3.76
1902 Cincinnati Reds	0.496	4.49
1902 Boston Beaneaters	0.514	4.03
1902 Pittsburgh Pirates	0.725	5.46
1903 New York Highlanders	0.529	4.26
1903 Detroit Tigers	0.474	4.14
1903 Philadelphia Athletics	0.547	4.36
1903 Chicago White Sox	0.435	3.74
1903 St. Louis Browns	0.468	3.6
1903 Brooklyn Superbas	0.504	4.8
1903 Chicago Cubs	0.59	5
1903 Philadelphia Phillies	0.353	4.44
1903 St. Louis Cardinals	0.309	3.63
1903 Cleveland Naps	0.55	4.56
1903 Washington Senators	0.307	3.12
1903 Boston Beaneaters	0.414	4.13
1903 Boston Americans	0.645	5.02
1903 Cincinnati Reds	0.525	5.43
1903 Pittsburgh Pirates	0.645	5.62
1903 New York Giants	0.592	5.13
1904 Cleveland Naps	0.558	4.2
1904 Brooklyn Superbas	0.364	3.23
1904 New York Highlanders	0.594	3.86
1904 Philadelphia Athletics	0.523	3.59
1904 Boston Beaneaters	0.355	3.17
1904 Philadelphia Phillies	0.335	3.68
1904 St. Louis Cardinals	0.484	3.88
1904 Chicago White Sox	0.571	3.85
1904 St. Louis Browns	0.417	3.08
1904 Chicago Cubs	0.596	3.84
1904 Pittsburgh Pirates	0.558	4.33
1904 Boston Americans	0.605	3.87
1904 Washington Senators	0.242	2.78
1904 Cincinnati Reds	0.561	4.43
1904 New York Giants	0.671	4.71
1904 Detroit Tigers	0.383	3.12
1905 New York Highlanders	0.467	3.86
1905 Philadelphia Athletics	0.605	4.1
1905 Boston Americans	0.51	3.78
1905 Detroit Tigers	0.513	3.32
1905 Washington Senators	0.416	3.63
1905 St. Louis Cardinals	0.377	3.47
1905 Cleveland Naps	0.49	3.66
1905 Brooklyn Superbas	0.31	3.26
1905 Chicago Cubs	0.594	4.3
1905 Cincinnati Reds	0.51	4.74
1905 New York Giants	0.677	5.03
1905 Philadelphia Phillies	0.535	4.57
1905 Pittsburgh Pirates	0.619	4.46
1905 St. Louis Browns	0.346	3.28
1905 Boston Beaneaters	0.327	3
1905 Chicago White Sox	0.582	3.87
1906 Philadelphia Athletics	0.523	3.77
1906 Detroit Tigers	0.47	3.43
1906 Washington Senators	0.364	3.43
1906 Boston Beaneaters	0.322	2.68
1906 Brooklyn Superbas	0.431	3.24
1906 New York Giants	0.627	4.08
1906 Chicago White Sox	0.604	3.7
1906 St. Louis Browns	0.494	3.62
1906 Philadelphia Phillies	0.461	3.43
1906 Pittsburgh Pirates	0.604	4.05
1906 St. Louis Cardinals	0.338	3.05
1906 Boston Americans	0.316	2.99
1906 New York Highlanders	0.581	4.15
1906 Chicago Cubs	0.748	4.55
1906 Cincinnati Reds	0.413	3.44
1906 Cleveland Naps	0.567	4.22
1907 Philadelphia Phillies	0.557	3.44
1907 Philadelphia Athletics	0.587	3.88
1907 New York Highlanders	0.461	3.98
1907 Boston Doves	0.382	3.3
1907 Detroit Tigers	0.601	4.54
1907 Brooklyn Superbas	0.425	2.92
1907 Washington Senators	0.318	3.29
1907 Boston Americans	0.381	2.99
1907 St. Louis Browns	0.445	3.5
1907 Chicago Cubs	0.69	3.7
1907 New York Giants	0.529	3.7
1907 St. Louis Cardinals	0.335	2.7
1907 Cincinnati Reds	0.423	3.37
1907 Chicago White Sox	0.554	3.75
1907 Pittsburgh Pirates	0.58	4.04
1907 Cleveland Naps	0.538	3.35
1908 Detroit Tigers	0.584	4.2
1908 Brooklyn Superbas	0.344	2.45
1908 St. Louis Cardinals	0.318	2.41
1908 Boston Red Sox	0.484	3.64
1908 New York Highlanders	0.329	2.96
1908 St. Louis Browns	0.535	3.51
1908 Washington Senators	0.432	3.09
1908 Cincinnati Reds	0.471	3.15
1908 Philadelphia Phillies	0.535	3.25
1908 Pittsburgh Pirates	0.632	3.77
1908 Chicago White Sox	0.564	3.44
1908 Boston Doves	0.404	3.44
1908 Cleveland Naps	0.573	3.62
1908 Philadelphia Athletics	0.433	3.1
1908 New York Giants	0.624	4.15
1908 Chicago Cubs	0.627	3.95
1909 Boston Red Sox	0.579	3.93
1909 New York Highlanders	0.484	3.86
1909 Philadelphia Athletics	0.621	3.95
1909 St. Louis Browns	0.396	2.86
1909 Philadelphia Phillies	0.481	3.35
1909 Pittsburgh Pirates	0.714	4.54
1909 St. Louis Cardinals	0.351	3.79
1909 Cleveland Naps	0.458	3.18
1909 Brooklyn Superbas	0.355	2.86
1909 Boston Doves	0.29	2.81
1909 Chicago Cubs	0.671	4.1
1909 Washington Senators	0.269	2.44
1909 Cincinnati Reds	0.49	3.86
1909 Detroit Tigers	0.62	4.22
1909 New York Giants	0.582	3.94
1909 Chicago White Sox	0.491	3.09
1910 St. Louis Cardinals	0.412	4.18
1910 Chicago Cubs	0.675	4.62
1910 Pittsburgh Pirates	0.558	4.25
1910 Detroit Tigers	0.555	4.38
1910 Philadelphia Athletics	0.658	4.34
1910 New York Giants	0.587	4.61
1910 Chicago White Sox	0.436	2.93
1910 New York Highlanders	0.564	4.01
1910 Brooklyn Superbas	0.41	3.19
1910 Cincinnati Reds	0.481	3.97
1910 Washington Senators	0.42	3.19
1910 Boston Doves	0.338	3.15
1910 Philadelphia Phillies	0.497	4.29
1910 Boston Red Sox	0.513	4.04
1910 St. Louis Browns	0.297	2.85
1910 Cleveland Naps	0.441	3.4
1911 Philadelphia Athletics	0.664	5.66
1911 St. Louis Browns	0.296	3.73
1911 Boston Red Sox	0.51	4.44
1911 New York Highlanders	0.497	4.47
1911 Philadelphia Phillies	0.516	4.3
1911 Chicago White Sox	0.5	4.67
1911 Detroit Tigers	0.578	5.4
1911 Washington Senators	0.416	4.06
1911 Brooklyn Dodgers	0.416	3.5
1911 New York Giants	0.643	4.91
1911 Pittsburgh Pirates	0.548	4.8
1911 Cleveland Naps	0.513	4.43
1911 Boston Rustlers	0.282	4.48
1911 Chicago Cubs	0.586	4.82
1911 St. Louis Cardinals	0.475	4.25
1911 Cincinnati Reds	0.44	4.29
1912 Chicago Cubs	0.599	4.97
1912 Philadelphia Phillies	0.48	4.41
1912 Pittsburgh Pirates	0.612	4.94
1912 New York Highlanders	0.327	4.12
1912 Philadelphia Athletics	0.588	5.09
1912 Brooklyn Dodgers	0.379	4.25
1912 St. Louis Cardinals	0.412	4.31
1912 Boston Red Sox	0.682	5.19
1912 Detroit Tigers	0.448	4.68
1912 Washington Senators	0.591	4.54
1912 New York Giants	0.669	5.34
1912 Cleveland Naps	0.484	4.37
1912 Boston Braves	0.335	4.47
1912 Cincinnati Reds	0.484	4.23
1912 St. Louis Browns	0.338	3.52
1912 Chicago White Sox	0.494	4.04
1913 Boston Red Sox	0.523	4.18
1913 Brooklyn Superbas	0.428	3.91
1913 Chicago White Sox	0.51	3.19
1913 Detroit Tigers	0.431	4.08
1913 New York Yankees	0.373	3.46
1913 Philadelphia Athletics	0.627	5.19
1913 St. Louis Cardinals	0.333	3.45
1913 Boston Braves	0.448	4.16
1913 Cleveland Naps	0.555	4.08
1913 St. Louis Browns	0.368	3.41
1913 Washington Senators	0.581	3.85
1913 Chicago Cubs	0.568	4.65
1913 Pittsburgh Pirates	0.503	4.34
1913 Cincinnati Reds	0.41	3.89
1913 New York Giants	0.647	4.38
1913 Philadelphia Phillies	0.553	4.36
1914 Kansas City Packers	0.435	4.18
1914 Pittsburgh Rebels	0.416	3.93
1914 St. Louis Terriers	0.403	3.67
1914 Brooklyn Robins	0.487	4.04
1914 Philadelphia Phillies	0.481	4.23
1914 Buffalo Buffeds	0.516	4
1914 Chicago Cubs	0.5	3.88
1914 New York Giants	0.538	4.31
1914 Chicago White Sox	0.446	3.1
1914 Cleveland Naps	0.325	3.43
1914 Detroit Tigers	0.51	3.92
1914 New York Yankees	0.446	3.42
1914 Brooklyn Tip-Tops	0.49	4.22
1914 Chicago Chi-Feds	0.554	3.96
1914 Indianapolis Hoosiers	0.561	4.85
1914 Cincinnati Reds	0.382	3.38
1914 St. Louis Cardinals	0.516	3.55
1914 Philadelphia Athletics	0.627	4.74
1914 Washington Senators	0.513	3.62
1914 Boston Braves	0.595	4.16
1914 Pittsburgh Pirates	0.437	3.18
1914 Boston Red Sox	0.572	3.7
1914 St. Louis Browns	0.447	3.29
1914 Baltimore Terrapins	0.525	4.03
1915 Brooklyn Tip-Tops	0.458	4.23
1915 Buffalo Blues	0.484	3.75
1915 Kansas City Packers	0.529	3.58
1915 Philadelphia Phillies	0.588	3.85
1915 Cleveland Indians	0.37	3.5
1915 New York Yankees	0.448	3.79
1915 Philadelphia Athletics	0.279	3.54
1915 Baltimore Terrapins	0.305	3.57
1915 Brooklyn Robins	0.519	3.48
1915 Boston Red Sox	0.652	4.32
1915 Chicago White Sox	0.6	4.63
1915 Washington Senators	0.548	3.67
1915 Chicago Whales	0.555	4.13
1915 Newark Pepper	0.516	3.77
1915 New York Giants	0.445	3.75
1915 Detroit Tigers	0.641	4.99
1915 Pittsburgh Rebels	0.551	3.79
1915 Chicago Cubs	0.468	3.65
1915 Pittsburgh Pirates	0.468	3.57
1915 Boston Braves	0.529	3.71
1915 St. Louis Cardinals	0.459	3.76
1915 St. Louis Browns	0.396	3.28
1915 St. Louis Terriers	0.547	3.99
1915 Cincinnati Reds	0.444	3.23
1916 St. Louis Cardinals	0.392	3.11
1916 Philadelphia Athletics	0.234	2.9
1916 Philadelphia Phillies	0.591	3.77
1916 Chicago White Sox	0.574	3.88
1916 Detroit Tigers	0.561	4.32
1916 Cincinnati Reds	0.387	3.26
1916 New York Giants	0.555	3.85
1916 Boston Red Sox	0.583	3.53
1916 New York Yankees	0.513	3.7
1916 Brooklyn Robins	0.603	3.75
1916 Chicago Cubs	0.429	3.33
1916 Cleveland Indians	0.49	4.01
1916 Pittsburgh Pirates	0.414	3.08
1916 St. Louis Browns	0.5	3.72
1916 Boston Braves	0.563	3.43
1916 Washington Senators	0.478	3.37
1917 Detroit Tigers	0.506	4.15
1917 Philadelphia Athletics	0.357	3.44
1917 Philadelphia Phillies	0.565	3.75
1917 St. Louis Cardinals	0.532	3.45
1917 New York Yankees	0.458	3.38
1917 St. Louis Browns	0.368	3.29
1917 Chicago White Sox	0.641	4.21
1917 Cleveland Indians	0.564	3.74
1917 Brooklyn Robins	0.449	3.28
1917 Boston Red Sox	0.573	3.54
1917 Washington Senators	0.471	3.46
1917 Boston Braves	0.459	3.41
1917 Chicago Cubs	0.471	3.52
1917 Cincinnati Reds	0.497	3.83
1917 Pittsburgh Pirates	0.325	2.96
1917 New York Giants	0.62	4.02
1918 St. Louis Browns	0.472	3.46
1918 Chicago White Sox	0.46	3.69
1918 Boston Braves	0.427	3.42
1918 New York Giants	0.573	3.87
1918 Philadelphia Phillies	0.44	3.44
1918 Boston Red Sox	0.595	3.76
1918 New York Yankees	0.476	3.91
1918 Brooklyn Robins	0.452	2.86
1918 Pittsburgh Pirates	0.516	3.7
1918 Detroit Tigers	0.43	3.72
1918 Cleveland Indians	0.566	3.91
1918 Cincinnati Reds	0.527	4.11
1918 Philadelphia Athletics	0.4	3.17
1918 Washington Senators	0.554	3.55
1918 Chicago Cubs	0.641	4.11
1918 St. Louis Cardinals	0.389	3.47
1919 Boston Red Sox	0.478	4.09
1919 Philadelphia Phillies	0.341	3.7
1919 St. Louis Cardinals	0.391	3.36
1919 Cleveland Indians	0.604	4.58
1919 Pittsburgh Pirates	0.511	3.4
1919 Chicago White Sox	0.629	4.76
1919 Detroit Tigers	0.571	4.41
1919 Philadelphia Athletics	0.257	3.26
1919 St. Louis Browns	0.479	3.81
1919 Boston Braves	0.407	3.32
1919 Chicago Cubs	0.536	3.24
1919 Cincinnati Reds	0.686	4.12
1919 New York Giants	0.621	4.32
1919 New York Yankees	0.567	4.1
1919 Brooklyn Robins	0.489	3.72
1919 Washington Senators	0.394	3.75
1920 Washington Senators	0.444	4.73
1920 Boston Braves	0.405	3.42
1920 Philadelphia Phillies	0.405	3.69
1920 Boston Red Sox	0.468	4.22
1920 Chicago White Sox	0.623	5.16
1920 Cleveland Indians	0.636	5.56
1920 New York Yankees	0.617	5.44
1920 St. Louis Browns	0.494	5.18
1920 Chicago Cubs	0.487	4.02
1920 Cincinnati Reds	0.532	4.15
1920 Detroit Tigers	0.394	4.21
1920 Brooklyn Robins	0.6	4.26
1920 New York Giants	0.555	4.4
1920 Pittsburgh Pirates	0.51	3.42
1920 St. Louis Cardinals	0.484	4.35
1920 Philadelphia Athletics	0.308	3.58
1921 Brooklyn Robins	0.507	4.39
1921 New York Yankees	0.641	6.2
1921 Boston Braves	0.516	4.71
1921 Chicago Cubs	0.418	4.37
1921 Cincinnati Reds	0.458	4.04
1921 New York Giants	0.614	5.49
1921 Boston Red Sox	0.487	4.34
1921 Chicago White Sox	0.403	4.44
1921 Cleveland Indians	0.61	6.01
1921 Detroit Tigers	0.461	5.73
1921 St. Louis Browns	0.526	5.42
1921 Washington Senators	0.519	4.57
1921 Philadelphia Phillies	0.331	4.01
1921 Pittsburgh Pirates	0.584	4.49
1921 St. Louis Cardinals	0.565	5.25
1921 Philadelphia Athletics	0.342	4.24
1922 Boston Red Sox	0.396	3.88
1922 New York Yankees	0.61	4.92
1922 St. Louis Browns	0.604	5.63
1922 Washington Senators	0.448	4.22
1922 Boston Braves	0.344	3.87
1922 Philadelphia Phillies	0.37	4.79
1922 St. Louis Cardinals	0.552	5.6
1922 Chicago White Sox	0.497	4.46
1922 Cleveland Indians	0.503	4.95
1922 Detroit Tigers	0.51	5.34
1922 Philadelphia Athletics	0.419	4.55
1922 Brooklyn Robins	0.49	4.79
1922 Pittsburgh Pirates	0.548	5.58
1922 Chicago Cubs	0.513	4.94
1922 Cincinnati Reds	0.551	4.91
1922 New York Giants	0.596	5.46
1923 New York Yankees	0.645	5.41
1923 Cleveland Indians	0.536	5.8
1923 Philadelphia Athletics	0.451	4.32
1923 New York Giants	0.621	5.58
1923 Boston Red Sox	0.396	3.79
1923 St. Louis Browns	0.481	4.47
1923 Chicago Cubs	0.539	4.91
1923 Cincinnati Reds	0.591	4.6
1923 Pittsburgh Pirates	0.565	5.1
1923 St. Louis Cardinals	0.513	4.84
1923 Detroit Tigers	0.535	5.36
1923 Washington Senators	0.484	4.65
1923 Brooklyn Robins	0.49	4.86
1923 Boston Braves	0.348	4.1
1923 Philadelphia Phillies	0.323	4.83
1923 Chicago White Sox	0.442	4.44
1924 Philadelphia Athletics	0.467	4.51
1924 Philadelphia Phillies	0.362	4.45
1924 Cleveland Indians	0.438	4.93
1924 New York Yankees	0.582	5.22
1924 St. Louis Browns	0.484	5.03
1924 Cincinnati Reds	0.542	4.24
1924 Pittsburgh Pirates	0.588	4.73
1924 Chicago White Sox	0.429	5.15
1924 Brooklyn Robins	0.597	4.66
1924 Boston Braves	0.344	3.38
1924 Chicago Cubs	0.526	4.53
1924 New York Giants	0.604	5.56
1924 St. Louis Cardinals	0.422	4.81
1924 Detroit Tigers	0.551	5.44
1924 Washington Senators	0.59	4.84
1924 Boston Red Sox	0.427	4.69
1925 Boston Red Sox	0.309	4.2
1925 Washington Senators	0.632	5.45
1925 New York Giants	0.566	4.84
1925 Philadelphia Athletics	0.575	5.43
1925 Brooklyn Robins	0.444	5.14
1925 Boston Braves	0.458	4.63
1925 Cincinnati Reds	0.523	4.51
1925 Philadelphia Phillies	0.444	5.31
1925 Pittsburgh Pirates	0.621	5.96
1925 St. Louis Cardinals	0.503	5.41
1925 Chicago White Sox	0.513	5.27
1925 St. Louis Browns	0.532	5.84
1925 Chicago Cubs	0.442	4.69
1925 Cleveland Indians	0.452	5.05
1925 Detroit Tigers	0.519	5.79
1925 New York Yankees	0.442	4.53
1926 Philadelphia Athletics	0.553	4.51
1926 New York Giants	0.49	4.39
1926 Washington Senators	0.533	5.28
1926 Philadelphia Phillies	0.382	4.52
1926 Boston Braves	0.431	4.08
1926 Boston Red Sox	0.299	3.65
1926 Cleveland Indians	0.571	4.79
1926 Chicago White Sox	0.523	4.71
1926 New York Yankees	0.587	5.46
1926 St. Louis Browns	0.4	4.4
1926 Brooklyn Robins	0.458	4.02
1926 Chicago Cubs	0.529	4.4
1926 St. Louis Cardinals	0.571	5.24
1926 Detroit Tigers	0.503	5.05
1926 Cincinnati Reds	0.554	4.76
1926 Pittsburgh Pirates	0.535	4.9
1927 Chicago White Sox	0.458	4.33
1927 Cleveland Indians	0.431	4.37
1927 Chicago Cubs	0.556	4.9
1927 Cincinnati Reds	0.49	4.2
1927 St. Louis Cardinals	0.601	4.93
1927 Boston Red Sox	0.331	3.88
1927 Brooklyn Robins	0.422	3.51
1927 New York Yankees	0.71	6.29
1927 Philadelphia Athletics	0.587	5.43
1927 St. Louis Browns	0.381	4.67
1927 Boston Braves	0.387	4.2
1927 New York Giants	0.594	5.27
1927 Philadelphia Phillies	0.329	4.37
1927 Detroit Tigers	0.526	5.42
1927 Pittsburgh Pirates	0.603	5.24
1927 Washington Senators	0.541	4.98
1928 Philadelphia Phillies	0.283	4.34
1928 Pittsburgh Pirates	0.559	5.51
1928 Philadelphia Athletics	0.641	5.42
1928 Boston Braves	0.327	4.12
1928 Cincinnati Reds	0.51	4.24
1928 Boston Red Sox	0.37	3.82
1928 Detroit Tigers	0.442	4.83
1928 New York Yankees	0.656	5.81
1928 St. Louis Browns	0.532	5.01
1928 Chicago Cubs	0.591	4.64
1928 St. Louis Cardinals	0.617	5.24
1928 Chicago White Sox	0.465	4.23
1928 Cleveland Indians	0.4	4.35
1928 Washington Senators	0.484	4.63
1928 Brooklyn Robins	0.497	4.29
1928 New York Giants	0.6	5.21
1929 Philadelphia Athletics	0.689	5.97
1929 Chicago White Sox	0.388	4.13
1929 Cleveland Indians	0.533	4.72
1929 New York Giants	0.553	5.9
1929 Washington Senators	0.464	4.77
1929 Brooklyn Robins	0.458	4.93
1929 New York Yankees	0.571	5.84
1929 St. Louis Browns	0.513	4.76
1929 Boston Braves	0.364	4.27
1929 Philadelphia Phillies	0.461	5.82
1929 Pittsburgh Pirates	0.571	5.87
1929 St. Louis Cardinals	0.506	5.4
1929 Boston Red Sox	0.374	3.9
1929 Detroit Tigers	0.452	5.97
1929 Cincinnati Reds	0.426	4.43
1929 Chicago Cubs	0.628	6.29
1930 Boston Red Sox	0.338	3.97
1930 Chicago White Sox	0.403	4.73
1930 Cleveland Indians	0.526	5.78
1930 Detroit Tigers	0.487	5.08
1930 New York Yankees	0.558	6.9
1930 Philadelphia Athletics	0.662	6.18
1930 St. Louis Browns	0.416	4.88
1930 Washington Senators	0.61	5.79
1930 Brooklyn Robins	0.558	5.66
1930 Boston Braves	0.455	4.5
1930 Cincinnati Reds	0.383	4.32
1930 New York Giants	0.565	6.23
1930 Pittsburgh Pirates	0.519	5.79
1930 St. Louis Cardinals	0.597	6.52
1930 Chicago Cubs	0.577	6.4
1930 Philadelphia Phillies	0.333	6.05
1931 Boston Red Sox	0.405	4.08
1931 Philadelphia Athletics	0.699	5.61
1931 Brooklyn Robins	0.516	4.45
1931 New York Giants	0.569	5.02
1931 Detroit Tigers	0.396	4.23
1931 St. Louis Browns	0.409	4.69
1931 Cincinnati Reds	0.377	3.84
1931 St. Louis Cardinals	0.656	5.29
1931 Cleveland Indians	0.503	5.71
1931 New York Yankees	0.606	6.88
1931 Philadelphia Phillies	0.426	4.41
1931 Pittsburgh Pirates	0.484	4.1
1931 Chicago White Sox	0.359	4.51
1931 Washington Senators	0.59	5.4
1931 Boston Braves	0.41	3.42
1931 Chicago Cubs	0.538	5.31
1932 Chicago White Sox	0.322	4.39
1932 Cleveland Indians	0.569	5.52
1932 Detroit Tigers	0.497	5.22
1932 Boston Red Sox	0.279	3.68
1932 Philadelphia Athletics	0.61	6.37
1932 St. Louis Browns	0.409	4.78
1932 Washington Senators	0.604	5.45
1932 Brooklyn Dodgers	0.526	4.88
1932 Chicago Cubs	0.584	4.68
1932 New York Giants	0.468	4.9
1932 Philadelphia Phillies	0.506	5.48
1932 Pittsburgh Pirates	0.558	4.55
1932 Boston Braves	0.497	4.19
1932 Cincinnati Reds	0.387	3.71
1932 New York Yankees	0.686	6.42
1932 St. Louis Cardinals	0.462	4.38
1933 Boston Red Sox	0.423	4.7
1933 Chicago White Sox	0.444	4.52
1933 Cleveland Indians	0.497	4.33
1933 New York Yankees	0.599	6.1
1933 Philadelphia Athletics	0.52	5.76
1933 Philadelphia Phillies	0.395	3.99
1933 St. Louis Browns	0.359	4.37
1933 Washington Senators	0.647	5.56
1933 Cincinnati Reds	0.379	3.24
1933 Chicago Cubs	0.558	4.19
1933 Pittsburgh Pirates	0.565	4.33
1933 St. Louis Cardinals	0.532	4.46
1933 Detroit Tigers	0.484	4.66
1933 Boston Braves	0.532	3.54
1933 New York Giants	0.583	4.08
1933 Brooklyn Dodgers	0.414	3.93
1934 Philadelphia Phillies	0.376	4.53
1934 Pittsburgh Pirates	0.49	4.87
1934 Boston Braves	0.513	4.49
1934 Chicago Cubs	0.566	4.64
1934 Cincinnati Reds	0.342	3.88
1934 Boston Red Sox	0.497	5.36
1934 Chicago White Sox	0.346	4.6
1934 Philadelphia Athletics	0.444	4.99
1934 Brooklyn Dodgers	0.464	4.89
1934 New York Giants	0.608	4.97
1934 Cleveland Indians	0.552	5.29
1934 Detroit Tigers	0.656	6.22
1934 New York Yankees	0.61	5.47
1934 St. Louis Browns	0.435	4.38
1934 St. Louis Cardinals	0.617	5.19
1934 Washington Senators	0.426	4.7
1935 New York Yankees	0.597	5.49
1935 Philadelphia Athletics	0.389	4.77
1935 Detroit Tigers	0.612	6.05
1935 Chicago White Sox	0.484	4.82
1935 Boston Braves	0.248	3.76
1935 Pittsburgh Pirates	0.562	4.86
1935 Boston Red Sox	0.506	4.66
1935 Washington Senators	0.435	5.34
1935 Brooklyn Dodgers	0.455	4.62
1935 Chicago Cubs	0.649	5.5
1935 Cincinnati Reds	0.442	4.19
1935 St. Louis Cardinals	0.623	5.38
1935 St. Louis Browns	0.419	4.63
1935 Cleveland Indians	0.526	4.97
1935 New York Giants	0.583	4.94
1935 Philadelphia Phillies	0.41	4.39
1936 Chicago White Sox	0.529	6.01
1936 Washington Senators	0.536	5.81
1936 Detroit Tigers	0.539	5.98
1936 Philadelphia Athletics	0.344	4.64
1936 Chicago Cubs	0.565	4.9
1936 Cincinnati Reds	0.481	4.69
1936 New York Giants	0.597	4.82
1936 Philadelphia Phillies	0.351	4.71
1936 Boston Red Sox	0.477	5
1936 New York Yankees	0.658	6.87
1936 St. Louis Browns	0.368	5.19
1936 St. Louis Cardinals	0.561	5.13
1936 Brooklyn Dodgers	0.429	4.24
1936 Pittsburgh Pirates	0.538	5.15
1936 Cleveland Indians	0.51	5.87
1936 Boston Bees	0.452	4.02
1937 Boston Bees	0.52	3.81
1937 New York Giants	0.625	4.82
1937 Boston Red Sox	0.519	5.33
1937 Chicago White Sox	0.558	5.06
1937 Philadelphia Athletics	0.351	4.54
1937 Chicago Cubs	0.604	5.27
1937 Pittsburgh Pirates	0.558	4.57
1937 Detroit Tigers	0.574	6.03
1937 Brooklyn Dodgers	0.4	3.97
1937 Cincinnati Reds	0.361	3.95
1937 Philadelphia Phillies	0.394	4.67
1937 Cleveland Indians	0.532	5.24
1937 St. Louis Browns	0.295	4.58
1937 New York Yankees	0.65	6.24
1937 St. Louis Cardinals	0.516	5.03
1937 Washington Senators	0.462	4.79
1938 Chicago White Sox	0.436	4.76
1938 Boston Red Sox	0.587	6.01
1938 Brooklyn Dodgers	0.457	4.66
1938 Cincinnati Reds	0.543	4.79
1938 Philadelphia Phillies	0.298	3.64
1938 Washington Senators	0.493	5.36
1938 New York Giants	0.546	4.64
1938 Pittsburgh Pirates	0.566	4.65
1938 Cleveland Indians	0.562	5.54
1938 Boston Bees	0.503	3.67
1938 Philadelphia Athletics	0.344	4.71
1938 Chicago Cubs	0.578	4.63
1938 Detroit Tigers	0.542	5.56
1938 St. Louis Browns	0.353	4.84
1938 St. Louis Cardinals	0.455	4.65
1938 New York Yankees	0.631	6.15
1939 New York Giants	0.51	4.66
1939 Boston Red Sox	0.586	5.86
1939 New York Yankees	0.697	6.36
1939 Boston Bees	0.414	3.76
1939 Philadelphia Phillies	0.296	3.64
1939 Philadelphia Athletics	0.359	4.65
1939 Washington Senators	0.425	4.59
1939 Pittsburgh Pirates	0.444	4.35
1939 Cleveland Indians	0.565	5.18
1939 Chicago White Sox	0.548	4.87
1939 Detroit Tigers	0.523	5.48
1939 St. Louis Cardinals	0.594	5.03
1939 St. Louis Browns	0.276	4.7
1939 Chicago Cubs	0.538	4.64
1939 Cincinnati Reds	0.622	4.92
1939 Brooklyn Dodgers	0.535	4.51
1940 Boston Bees	0.428	4.1
1940 New York Giants	0.474	4.36
1940 Philadelphia Phillies	0.327	3.23
1940 Boston Red Sox	0.532	5.66
1940 Philadelphia Athletics	0.351	4.56
1940 Washington Senators	0.416	4.32
1940 Chicago Cubs	0.487	4.42
1940 Chicago White Sox	0.529	4.74
1940 Cleveland Indians	0.574	4.58
1940 Detroit Tigers	0.581	5.73
1940 New York Yankees	0.568	5.27
1940 Cincinnati Reds	0.645	4.56
1940 St. Louis Browns	0.429	4.85
1940 Brooklyn Dodgers	0.564	4.47
1940 Pittsburgh Pirates	0.5	5.19
1940 St. Louis Cardinals	0.538	4.79
1941 Philadelphia Athletics	0.416	4.63
1941 Cincinnati Reds	0.571	4
1941 Boston Red Sox	0.542	5.58
1941 Cleveland Indians	0.484	4.37
1941 Detroit Tigers	0.484	4.43
1941 Chicago Cubs	0.452	4.3
1941 Philadelphia Phillies	0.277	3.23
1941 St. Louis Cardinals	0.626	4.74
1941 Chicago White Sox	0.494	4.09
1941 New York Yankees	0.647	5.32
1941 Washington Senators	0.449	4.67
1941 Boston Braves	0.397	3.79
1941 New York Giants	0.474	4.28
1941 Pittsburgh Pirates	0.519	4.42
1941 St. Louis Browns	0.446	4.87
1941 Brooklyn Dodgers	0.637	5.1
1942 Chicago White Sox	0.446	3.64
1942 Boston Braves	0.393	3.43
1942 St. Louis Browns	0.543	4.83
1942 Washington Senators	0.411	4.32
1942 Philadelphia Phillies	0.278	2.61
1942 Pittsburgh Pirates	0.437	3.87
1942 Boston Red Sox	0.612	5.01
1942 New York Yankees	0.669	5.2
1942 Philadelphia Athletics	0.357	3.56
1942 Cincinnati Reds	0.494	3.42
1942 New York Giants	0.552	4.38
1942 Brooklyn Dodgers	0.671	4.79
1942 Chicago Cubs	0.439	3.81
1942 Cleveland Indians	0.481	3.78
1942 Detroit Tigers	0.468	3.78
1942 St. Louis Cardinals	0.679	4.84
1943 Cleveland Indians	0.536	3.92
1943 St. Louis Browns	0.471	3.9
1943 Washington Senators	0.549	4.35
1943 Brooklyn Dodgers	0.529	4.68
1943 Boston Braves	0.444	3.04
1943 Chicago Cubs	0.481	4.1
1943 Boston Red Sox	0.439	3.63
1943 Chicago White Sox	0.529	3.7
1943 Detroit Tigers	0.503	4.08
1943 New York Yankees	0.632	4.32
1943 Philadelphia Athletics	0.316	3.21
1943 Cincinnati Reds	0.561	3.92
1943 New York Giants	0.353	3.58
1943 Philadelphia Phillies	0.408	3.64
1943 Pittsburgh Pirates	0.51	4.26
1943 St. Louis Cardinals	0.669	4.32
1944 Chicago White Sox	0.461	3.53
1944 New York Yankees	0.539	4.38
1944 St. Louis Browns	0.578	4.44
1944 Washington Senators	0.416	3.84
1944 Philadelphia Phillies	0.396	3.5
1944 Cleveland Indians	0.465	4.15
1944 Philadelphia Athletics	0.465	3.39
1944 Brooklyn Dodgers	0.406	4.45
1944 Boston Braves	0.419	3.83
1944 Cincinnati Reds	0.574	3.7
1944 New York Giants	0.432	4.4
1944 Boston Red Sox	0.494	4.74
1944 Detroit Tigers	0.564	4.22
1944 Chicago Cubs	0.478	4.47
1944 St. Louis Cardinals	0.669	4.92
1944 Pittsburgh Pirates	0.57	4.71
1945 Cleveland Indians	0.497	3.79
1945 Chicago White Sox	0.473	3.97
1945 New York Yankees	0.533	4.45
1945 Philadelphia Athletics	0.34	3.23
1945 St. Louis Browns	0.526	3.88
1945 Boston Braves	0.435	4.68
1945 Cincinnati Reds	0.396	3.48
1945 New York Giants	0.506	4.34
1945 Philadelphia Phillies	0.299	3.56
1945 Detroit Tigers	0.568	4.08
1945 Brooklyn Dodgers	0.561	5.13
1945 Chicago Cubs	0.632	4.74
1945 Pittsburgh Pirates	0.529	4.86
1945 St. Louis Cardinals	0.613	4.88
1945 Washington Senators	0.558	3.99
1945 Boston Red Sox	0.452	3.82
1946 New York Yankees	0.565	4.44
1946 Boston Braves	0.526	4.09
1946 New York Giants	0.396	3.97
1946 Chicago White Sox	0.477	3.63
1946 Detroit Tigers	0.594	4.54
1946 Philadelphia Athletics	0.316	3.41
1946 Washington Senators	0.49	3.92
1946 Chicago Cubs	0.529	4.04
1946 Philadelphia Phillies	0.445	3.61
1946 Pittsburgh Pirates	0.406	3.56
1946 Boston Red Sox	0.667	5.08
1946 Cleveland Indians	0.436	3.44
1946 St. Louis Browns	0.423	3.98
1946 Cincinnati Reds	0.429	3.35
1946 St. Louis Cardinals	0.628	4.56
1946 Brooklyn Dodgers	0.611	4.46
1947 St. Louis Browns	0.383	3.66
1947 Washington Senators	0.416	3.22
1947 Boston Braves	0.558	4.55
1947 Cincinnati Reds	0.474	4.42
1947 Chicago White Sox	0.452	3.57
1947 New York Yankees	0.626	5.12
1947 Brooklyn Dodgers	0.606	4.99
1947 Chicago Cubs	0.445	3.66
1947 New York Giants	0.523	5.35
1947 Philadelphia Phillies	0.4	3.8
1947 Philadelphia Athletics	0.5	4.06
1947 Pittsburgh Pirates	0.397	4.77
1947 St. Louis Cardinals	0.571	5
1947 Boston Red Sox	0.529	4.59
1947 Cleveland Indians	0.51	4.38
1947 Detroit Tigers	0.538	4.52
1948 Cincinnati Reds	0.418	3.84
1948 Chicago White Sox	0.331	3.63
1948 Detroit Tigers	0.506	4.55
1948 New York Yankees	0.61	5.56
1948 Philadelphia Athletics	0.545	4.73
1948 Washington Senators	0.364	3.75
1948 Boston Braves	0.591	4.8
1948 Boston Red Sox	0.619	5.85
1948 St. Louis Browns	0.381	4.33
1948 Brooklyn Dodgers	0.542	4.8
1948 Chicago Cubs	0.413	3.85
1948 New York Giants	0.503	5.03
1948 Philadelphia Phillies	0.426	3.81
1948 St. Louis Cardinals	0.548	4.79
1948 Cleveland Indians	0.622	5.38
1948 Pittsburgh Pirates	0.532	4.53
1949 Chicago White Sox	0.409	4.21
1949 Cleveland Indians	0.578	4.38
1949 Philadelphia Athletics	0.526	4.71
1949 Washington Senators	0.325	3.79
1949 Chicago Cubs	0.396	3.85
1949 Philadelphia Phillies	0.526	4.3
1949 Pittsburgh Pirates	0.461	4.42
1949 Boston Red Sox	0.619	5.78
1949 Detroit Tigers	0.561	4.85
1949 New York Yankees	0.626	5.35
1949 St. Louis Browns	0.342	4.3
1949 Brooklyn Dodgers	0.622	5.63
1949 Cincinnati Reds	0.397	4.02
1949 New York Giants	0.468	4.72
1949 Boston Braves	0.478	4.5
1949 St. Louis Cardinals	0.611	4.88
1950 Cincinnati Reds	0.431	4.27
1950 St. Louis Cardinals	0.51	4.53
1950 Boston Red Sox	0.61	6.67
1950 Philadelphia Athletics	0.338	4.35
1950 St. Louis Browns	0.377	4.44
1950 Chicago Cubs	0.416	4.18
1950 New York Giants	0.558	4.77
1950 Pittsburgh Pirates	0.37	4.42
1950 Cleveland Indians	0.594	5.2
1950 New York Yankees	0.632	5.9
1950 Washington Senators	0.432	4.45
1950 Brooklyn Dodgers	0.574	5.46
1950 Chicago White Sox	0.385	4.01
1950 Boston Braves	0.532	5.03
1950 Detroit Tigers	0.605	5.33
1950 Philadelphia Phillies	0.58	4.6
1951 Boston Red Sox	0.565	5.22
1951 Detroit Tigers	0.474	4.45
1951 New York Yankees	0.636	5.18
1951 Philadelphia Athletics	0.455	4.78
1951 St. Louis Browns	0.338	3.97
1951 Washington Senators	0.403	4.36
1951 Philadelphia Phillies	0.474	4.21
1951 Chicago White Sox	0.523	4.61
1951 Cleveland Indians	0.6	4.49
1951 Boston Braves	0.49	4.66
1951 Chicago Cubs	0.4	3.96
1951 Cincinnati Reds	0.439	3.61
1951 Pittsburgh Pirates	0.413	4.45
1951 St. Louis Cardinals	0.523	4.41
1951 New York Giants	0.624	4.97
1951 Brooklyn Dodgers	0.614	5.41
1952 Boston Red Sox	0.494	4.34
1952 New York Yankees	0.617	4.72
1952 Cincinnati Reds	0.448	3.99
1952 New York Giants	0.597	4.69
1952 Philadelphia Phillies	0.565	4.27
1952 St. Louis Cardinals	0.571	4.4
1952 Cleveland Indians	0.6	4.92
1952 Philadelphia Athletics	0.51	4.28
1952 St. Louis Browns	0.413	3.9
1952 Brooklyn Dodgers	0.619	5
1952 Boston Braves	0.413	3.67
1952 Chicago Cubs	0.497	4.05
1952 Pittsburgh Pirates	0.271	3.32
1952 Chicago White Sox	0.519	3.91
1952 Detroit Tigers	0.321	3.57
1952 Washington Senators	0.497	3.81
1953 New York Yankees	0.656	5.3
1953 Washington Senators	0.5	4.52
1953 Boston Red Sox	0.549	4.29
1953 St. Louis Browns	0.351	3.6
1953 Pittsburgh Pirates	0.325	4.04
1953 Cleveland Indians	0.594	4.97
1953 Brooklyn Dodgers	0.677	6.16
1953 Chicago Cubs	0.419	4.08
1953 Cincinnati Reds	0.439	4.61
1953 New York Giants	0.452	4.95
1953 Chicago White Sox	0.571	4.59
1953 Philadelphia Phillies	0.532	4.59
1953 Philadelphia Athletics	0.376	4.03
1953 Milwaukee Braves	0.586	4.7
1953 St. Louis Cardinals	0.529	4.89
1953 Detroit Tigers	0.38	4.4
1954 Baltimore Orioles	0.351	3.14
1954 Brooklyn Dodgers	0.597	5.05
1954 Chicago Cubs	0.416	4.55
1954 Cincinnati Redlegs	0.481	4.73
1954 Milwaukee Braves	0.578	4.35
1954 New York Giants	0.63	4.75
1954 Philadelphia Phillies	0.487	4.28
1954 Pittsburgh Pirates	0.344	3.62
1954 St. Louis Cardinals	0.468	5.19
1954 Chicago White Sox	0.606	4.59
1954 Detroit Tigers	0.439	3.77
1954 New York Yankees	0.665	5.19
1954 Washington Senators	0.426	4.08
1954 Boston Red Sox	0.442	4.49
1954 Cleveland Indians	0.712	4.78
1954 Philadelphia Athletics	0.327	3.47
1955 Boston Red Sox	0.545	4.9
1955 Cleveland Indians	0.604	4.53
1955 Detroit Tigers	0.513	5.03
1955 New York Yankees	0.623	4.95
1955 Washington Senators	0.344	3.88
1955 Brooklyn Dodgers	0.636	5.56
1955 Chicago Cubs	0.468	4.06
1955 Cincinnati Redlegs	0.487	4.94
1955 Milwaukee Braves	0.552	4.82
1955 New York Giants	0.519	4.56
1955 Philadelphia Phillies	0.5	4.38
1955 Pittsburgh Pirates	0.39	3.64
1955 St. Louis Cardinals	0.442	4.25
1955 Chicago White Sox	0.587	4.68
1955 Kansas City Athletics	0.406	4.12
1955 Baltimore Orioles	0.365	3.46
1956 Baltimore Orioles	0.448	3.71
1956 Chicago White Sox	0.552	5.04
1956 Kansas City Athletics	0.338	4.02
1956 New York Yankees	0.63	5.56
1956 Brooklyn Dodgers	0.604	4.68
1956 New York Giants	0.435	3.51
1956 Philadelphia Phillies	0.461	4.34
1956 Boston Red Sox	0.542	5.03
1956 Cleveland Indians	0.568	4.59
1956 Detroit Tigers	0.529	5.09
1956 Washington Senators	0.381	4.21
1956 Cincinnati Redlegs	0.587	5
1956 Milwaukee Braves	0.594	4.57
1956 St. Louis Cardinals	0.487	4.35
1956 Chicago Cubs	0.382	3.8
1956 Pittsburgh Pirates	0.42	3.75
1957 Cleveland Indians	0.497	4.46
1957 Baltimore Orioles	0.494	3.88
1957 Boston Red Sox	0.532	4.68
1957 Detroit Tigers	0.506	3.99
1957 Kansas City Athletics	0.383	3.66
1957 New York Yankees	0.636	4.69
1957 Washington Senators	0.357	3.92
1957 Brooklyn Dodgers	0.545	4.48
1957 Cincinnati Redlegs	0.519	4.85
1957 New York Giants	0.448	4.18
1957 St. Louis Cardinals	0.565	4.79
1957 Chicago White Sox	0.581	4.56
1957 Milwaukee Braves	0.613	4.98
1957 Pittsburgh Pirates	0.4	3.78
1957 Chicago Cubs	0.397	4.03
1957 Philadelphia Phillies	0.494	3.99
1958 Cleveland Indians	0.503	4.54
1958 Baltimore Orioles	0.481	3.38
1958 Detroit Tigers	0.5	4.28
1958 Chicago Cubs	0.468	4.6
1958 Cincinnati Redlegs	0.494	4.51
1958 Los Angeles Dodgers	0.461	4.34
1958 Milwaukee Braves	0.597	4.38
1958 Philadelphia Phillies	0.448	4.31
1958 Pittsburgh Pirates	0.545	4.3
1958 San Francisco Giants	0.519	4.72
1958 St. Louis Cardinals	0.468	4.02
1958 Boston Red Sox	0.51	4.5
1958 Chicago White Sox	0.529	4.09
1958 New York Yankees	0.594	4.9
1958 Kansas City Athletics	0.468	4.12
1958 Washington Senators	0.391	3.54
1959 Boston Red Sox	0.487	4.71
1959 Cleveland Indians	0.578	4.84
1959 Detroit Tigers	0.494	4.63
1959 Kansas City Athletics	0.429	4.42
1959 Washington Senators	0.409	4.02
1959 Cincinnati Redlegs	0.481	4.96
1959 San Francisco Giants	0.539	4.58
1959 St. Louis Cardinals	0.461	4.16
1959 Baltimore Orioles	0.477	3.55
1959 New York Yankees	0.51	4.43
1959 Chicago Cubs	0.477	4.34
1959 Philadelphia Phillies	0.413	3.86
1959 Pittsburgh Pirates	0.503	4.2
1959 Chicago White Sox	0.603	4.29
1959 Los Angeles Dodgers	0.564	4.52
1959 Milwaukee Braves	0.548	4.61
1960 Baltimore Orioles	0.578	4.43
1960 Boston Red Sox	0.422	4.27
1960 Chicago White Sox	0.565	4.81
1960 Cleveland Indians	0.494	4.33
1960 Detroit Tigers	0.461	4.11
1960 Washington Senators	0.474	4.36
1960 Cincinnati Reds	0.435	4.16
1960 Los Angeles Dodgers	0.532	4.3
1960 Milwaukee Braves	0.571	4.7
1960 Philadelphia Phillies	0.383	3.55
1960 Kansas City Athletics	0.374	3.97
1960 New York Yankees	0.626	4.81
1960 Pittsburgh Pirates	0.613	4.74
1960 St. Louis Cardinals	0.555	4.12
1960 Chicago Cubs	0.385	4.06
1960 San Francisco Giants	0.506	4.3
1961 Cincinnati Reds	0.604	4.61
1961 Los Angeles Dodgers	0.578	4.77
1961 Pittsburgh Pirates	0.487	4.51
1961 Milwaukee Braves	0.535	4.59
1961 Philadelphia Phillies	0.303	3.77
1961 San Francisco Giants	0.548	4.99
1961 St. Louis Cardinals	0.516	4.54
1961 Chicago Cubs	0.41	4.42
1961 Cleveland Indians	0.484	4.58
1961 Minnesota Twins	0.435	4.39
1961 Washington Senators	0.379	3.84
1961 Kansas City Athletics	0.377	4.22
1961 Los Angeles Angels	0.432	4.59
1961 Baltimore Orioles	0.583	4.24
1961 Boston Red Sox	0.466	4.47
1961 Chicago White Sox	0.528	4.69
1961 Detroit Tigers	0.62	5.16
1961 New York Yankees	0.669	5.07
1962 Boston Red Sox	0.475	4.42
1962 Detroit Tigers	0.528	4.71
1962 New York Mets	0.248	3.83
1962 Philadelphia Phillies	0.503	4.38
1962 Pittsburgh Pirates	0.578	4.39
1962 Baltimore Orioles	0.475	4.02
1962 Chicago White Sox	0.525	4.36
1962 Cleveland Indians	0.494	4.21
1962 Kansas City Athletics	0.444	4.6
1962 Los Angeles Angels	0.531	4.43
1962 New York Yankees	0.593	5.04
1962 Washington Senators	0.37	3.7
1962 Chicago Cubs	0.364	3.9
1962 Cincinnati Reds	0.605	4.95
1962 Houston Colt .45's	0.395	3.65
1962 Milwaukee Braves	0.531	4.51
1962 Minnesota Twins	0.558	4.9
1962 St. Louis Cardinals	0.515	4.75
1962 Los Angeles Dodgers	0.618	5.1
1962 San Francisco Giants	0.624	5.32
1963 Boston Red Sox	0.472	4.14
1963 Los Angeles Angels	0.435	3.71
1963 Minnesota Twins	0.565	4.76
1963 New York Yankees	0.646	4.43
1963 Baltimore Orioles	0.531	3.98
1963 Chicago White Sox	0.58	4.22
1963 Cleveland Indians	0.488	3.92
1963 Detroit Tigers	0.488	4.32
1963 Kansas City Athletics	0.451	3.8
1963 Washington Senators	0.346	3.57
1963 Chicago Cubs	0.506	3.52
1963 Cincinnati Reds	0.531	4
1963 Houston Colt .45's	0.407	2.86
1963 New York Mets	0.315	3.09
1963 Philadelphia Phillies	0.537	3.96
1963 Pittsburgh Pirates	0.457	3.5
1963 San Francisco Giants	0.543	4.48
1963 St. Louis Cardinals	0.574	4.61
1963 Los Angeles Dodgers	0.607	3.93
1963 Milwaukee Braves	0.515	4.15
1964 Boston Red Sox	0.444	4.25
1964 Chicago White Sox	0.605	3.96
1964 Los Angeles Angels	0.506	3.36
1964 Washington Senators	0.383	3.57
1964 Chicago Cubs	0.469	4.01
1964 Houston Colt .45's	0.407	3.06
1964 Milwaukee Braves	0.543	4.96
1964 Philadelphia Phillies	0.568	4.28
1964 Pittsburgh Pirates	0.494	4.09
1964 San Francisco Giants	0.556	4.05
1964 St. Louis Cardinals	0.574	4.41
1964 Baltimore Orioles	0.595	4.17
1964 Detroit Tigers	0.521	4.29
1964 Kansas City Athletics	0.35	3.81
1964 Minnesota Twins	0.485	4.52
1964 Cincinnati Reds	0.564	4.05
1964 New York Mets	0.325	3.49
1964 Cleveland Indians	0.482	4.2
1964 New York Yankees	0.604	4.45
1964 Los Angeles Dodgers	0.488	3.74
1965 Baltimore Orioles	0.58	3.96
1965 Boston Red Sox	0.383	4.13
1965 California Angels	0.463	3.25
1965 Chicago White Sox	0.586	3.99
1965 Cleveland Indians	0.537	4.09
1965 Detroit Tigers	0.549	4.2
1965 Kansas City Athletics	0.364	3.61
1965 Minnesota Twins	0.63	4.78
1965 New York Yankees	0.475	3.77
1965 Washington Senators	0.432	3.65
1965 Cincinnati Reds	0.549	5.09
1965 Houston Astros	0.401	3.51
1965 Los Angeles Dodgers	0.599	3.75
1965 Milwaukee Braves	0.531	4.37
1965 Philadelphia Phillies	0.525	4.04
1965 St. Louis Cardinals	0.494	4.36
1965 Pittsburgh Pirates	0.552	4.14
1965 San Francisco Giants	0.583	4.18
1965 Chicago Cubs	0.439	3.87
1965 New York Mets	0.305	3.02
1966 Washington Senators	0.447	3.5
1966 Baltimore Orioles	0.606	4.72
1966 Kansas City Athletics	0.463	3.53
1966 New York Yankees	0.438	3.82
1966 Cincinnati Reds	0.475	4.33
1966 New York Mets	0.41	3.65
1966 San Francisco Giants	0.578	4.19
1966 Boston Red Sox	0.444	4.04
1966 California Angels	0.494	3.73
1966 Cleveland Indians	0.5	3.54
1966 Detroit Tigers	0.543	4.44
1966 Minnesota Twins	0.549	4.09
1966 Chicago Cubs	0.364	3.98
1966 Los Angeles Dodgers	0.586	3.74
1966 Philadelphia Phillies	0.537	4.3
1966 Pittsburgh Pirates	0.568	4.69
1966 St. Louis Cardinals	0.512	3.52
1966 Chicago White Sox	0.509	3.52
1966 Atlanta Braves	0.521	4.8
1966 Houston Astros	0.442	3.75
1967 Baltimore Orioles	0.472	4.06
1967 California Angels	0.522	3.52
1967 Kansas City Athletics	0.385	3.31
1967 Washington Senators	0.472	3.42
1967 St. Louis Cardinals	0.627	4.32
1967 Boston Red Sox	0.568	4.46
1967 Chicago White Sox	0.549	3.28
1967 Cleveland Indians	0.463	3.45
1967 Atlanta Braves	0.475	3.9
1967 Chicago Cubs	0.537	4.33
1967 Cincinnati Reds	0.537	3.73
1967 Houston Astros	0.426	3.86
1967 Los Angeles Dodgers	0.451	3.2
1967 New York Mets	0.377	3.07
1967 Philadelphia Phillies	0.506	3.78
1967 San Francisco Giants	0.562	4.02
1967 Detroit Tigers	0.558	4.19
1967 New York Yankees	0.442	3.2
1967 Pittsburgh Pirates	0.497	4.17
1967 Minnesota Twins	0.555	4.09
1968 Washington Senators	0.404	3.25
1968 Baltimore Orioles	0.562	3.57
1968 Boston Red Sox	0.531	3.79
1968 California Angels	0.414	3.07
1968 Chicago White Sox	0.414	2.86
1968 Cleveland Indians	0.531	3.19
1968 Minnesota Twins	0.488	3.47
1968 Houston Astros	0.444	3.15
1968 Los Angeles Dodgers	0.469	2.9
1968 Philadelphia Phillies	0.469	3.35
1968 St. Louis Cardinals	0.599	3.6
1968 Oakland Athletics	0.503	3.49
1968 Atlanta Braves	0.497	3.15
1968 Chicago Cubs	0.515	3.75
1968 Cincinnati Reds	0.509	4.23
1968 New York Mets	0.448	2.9
1968 Pittsburgh Pirates	0.491	3.58
1968 San Francisco Giants	0.54	3.67
1968 Detroit Tigers	0.628	4.09
1968 New York Yankees	0.506	3.27
1969 Cleveland Indians	0.385	3.56
1969 Baltimore Orioles	0.673	4.81
1969 Boston Red Sox	0.537	4.59
1969 Chicago White Sox	0.42	3.86
1969 Detroit Tigers	0.556	4.33
1969 Minnesota Twins	0.599	4.88
1969 New York Yankees	0.494	3.47
1969 Oakland Athletics	0.543	4.57
1969 Washington Senators	0.531	4.28
1969 Atlanta Braves	0.574	4.27
1969 Houston Astros	0.5	4.17
1969 Los Angeles Dodgers	0.525	3.98
1969 Montreal Expos	0.321	3.59
1969 New York Mets	0.617	3.9
1969 Philadelphia Phillies	0.389	3.98
1969 Pittsburgh Pirates	0.543	4.48
1969 San Diego Padres	0.321	2.89
1969 San Francisco Giants	0.556	4.4
1969 St. Louis Cardinals	0.537	3.67
1969 California Angels	0.436	3.24
1969 Kansas City Royals	0.423	3.6
1969 Seattle Pilots	0.393	3.92
1969 Chicago Cubs	0.564	4.42
1969 Cincinnati Reds	0.546	4.9
1970 Los Angeles Dodgers	0.54	4.65
1970 Philadelphia Phillies	0.453	3.69
1970 Baltimore Orioles	0.667	4.89
1970 Boston Red Sox	0.537	4.85
1970 California Angels	0.531	3.9
1970 Chicago White Sox	0.346	3.91
1970 Cleveland Indians	0.469	4.01
1970 Detroit Tigers	0.488	4.11
1970 Kansas City Royals	0.401	3.77
1970 Minnesota Twins	0.605	4.59
1970 Oakland Athletics	0.549	4.19
1970 Washington Senators	0.432	3.86
1970 Atlanta Braves	0.469	4.54
1970 Chicago Cubs	0.519	4.98
1970 Cincinnati Reds	0.63	4.78
1970 Houston Astros	0.488	4.59
1970 Montreal Expos	0.451	4.24
1970 New York Mets	0.512	4.29
1970 Pittsburgh Pirates	0.549	4.5
1970 San Diego Padres	0.389	4.2
1970 San Francisco Giants	0.531	5.13
1970 St. Louis Cardinals	0.469	4.59
1970 Milwaukee Brewers	0.399	3.76
1970 New York Yankees	0.571	4.17
1971 Baltimore Orioles	0.639	4.7
1971 Washington Senators	0.396	3.38
1971 Minnesota Twins	0.463	4.09
1971 Kansas City Royals	0.528	3.75
1971 Milwaukee Brewers	0.429	3.32
1971 Oakland Athletics	0.627	4.29
1971 San Diego Padres	0.379	3.02
1971 Boston Red Sox	0.525	4.27
1971 California Angels	0.469	3.15
1971 Chicago White Sox	0.488	3.81
1971 Cleveland Indians	0.37	3.35
1971 Detroit Tigers	0.562	4.33
1971 New York Yankees	0.506	4
1971 Atlanta Braves	0.506	3.97
1971 Chicago Cubs	0.512	3.93
1971 Cincinnati Reds	0.488	3.62
1971 Houston Astros	0.488	3.61
1971 Los Angeles Dodgers	0.549	4.09
1971 Montreal Expos	0.438	3.84
1971 New York Mets	0.512	3.63
1971 Philadelphia Phillies	0.414	3.44
1971 Pittsburgh Pirates	0.599	4.86
1971 San Francisco Giants	0.556	4.36
1971 St. Louis Cardinals	0.552	4.53
1972 Houston Astros	0.549	4.63
1972 San Diego Padres	0.379	3.19
1972 Baltimore Orioles	0.519	3.37
1972 Chicago White Sox	0.565	3.68
1972 Kansas City Royals	0.494	3.77
1972 Minnesota Twins	0.5	3.49
1972 Texas Rangers	0.351	2.99
1972 Cincinnati Reds	0.617	4.59
1972 Boston Red Sox	0.548	4.13
1972 California Angels	0.484	2.93
1972 New York Yankees	0.51	3.59
1972 Oakland Athletics	0.6	3.9
1972 Atlanta Braves	0.452	4.05
1972 Los Angeles Dodgers	0.548	3.77
1972 Pittsburgh Pirates	0.619	4.46
1972 San Francisco Giants	0.445	4.27
1972 Cleveland Indians	0.462	3.03
1972 Detroit Tigers	0.551	3.58
1972 Milwaukee Brewers	0.417	3.16
1972 Chicago Cubs	0.545	4.39
1972 Montreal Expos	0.449	3.29
1972 New York Mets	0.532	3.38
1972 Philadelphia Phillies	0.378	3.22
1972 St. Louis Cardinals	0.481	3.64
1973 Chicago Cubs	0.478	3.81
1973 New York Mets	0.509	3.78
1973 Baltimore Orioles	0.599	4.65
1973 Boston Red Sox	0.549	4.56
1973 California Angels	0.488	3.88
1973 Chicago White Sox	0.475	4.02
1973 Cleveland Indians	0.438	4.2
1973 Detroit Tigers	0.525	3.96
1973 Kansas City Royals	0.543	4.66
1973 Minnesota Twins	0.5	4.56
1973 Milwaukee Brewers	0.457	4.37
1973 New York Yankees	0.494	3.96
1973 Oakland Athletics	0.58	4.68
1973 Texas Rangers	0.352	3.82
1973 Atlanta Braves	0.469	4.93
1973 Cincinnati Reds	0.611	4.57
1973 Houston Astros	0.506	4.2
1973 Los Angeles Dodgers	0.586	4.17
1973 Montreal Expos	0.488	4.12
1973 Philadelphia Phillies	0.438	3.96
1973 Pittsburgh Pirates	0.494	4.35
1973 San Diego Padres	0.37	3.38
1973 San Francisco Giants	0.543	4.56
1973 St. Louis Cardinals	0.5	3.97
1974 Texas Rangers	0.522	4.29
1974 Montreal Expos	0.491	4.11
1974 St. Louis Cardinals	0.534	4.2
1974 Baltimore Orioles	0.562	4.07
1974 Boston Red Sox	0.519	4.3
1974 Cleveland Indians	0.475	4.09
1974 Detroit Tigers	0.444	3.83
1974 Kansas City Royals	0.475	4.12
1974 Milwaukee Brewers	0.469	3.99
1974 New York Yankees	0.549	4.14
1974 Oakland Athletics	0.556	4.25
1974 Chicago Cubs	0.407	4.13
1974 Houston Astros	0.5	4.03
1974 Los Angeles Dodgers	0.63	4.93
1974 New York Mets	0.438	3.53
1974 Philadelphia Phillies	0.494	4.17
1974 Pittsburgh Pirates	0.543	4.64
1974 San Diego Padres	0.37	3.34
1974 San Francisco Giants	0.444	3.91
1974 California Angels	0.417	3.79
1974 Chicago White Sox	0.491	4.2
1974 Minnesota Twins	0.503	4.13
1974 Atlanta Braves	0.54	4.06
1974 Cincinnati Reds	0.601	4.76
1975 Baltimore Orioles	0.566	4.29
1975 Cleveland Indians	0.497	4.33
1975 Detroit Tigers	0.358	3.58
1975 Minnesota Twins	0.478	4.55
1975 Boston Red Sox	0.594	4.98
1975 New York Yankees	0.519	4.26
1975 California Angels	0.447	3.9
1975 Chicago White Sox	0.466	4.07
1975 Atlanta Braves	0.416	3.62
1975 Pittsburgh Pirates	0.571	4.42
1975 San Francisco Giants	0.497	4.09
1975 Kansas City Royals	0.562	4.38
1975 Milwaukee Brewers	0.42	4.17
1975 Oakland Athletics	0.605	4.68
1975 Texas Rangers	0.488	4.41
1975 Chicago Cubs	0.463	4.4
1975 Cincinnati Reds	0.667	5.19
1975 Houston Astros	0.395	4.1
1975 Los Angeles Dodgers	0.543	4
1975 Montreal Expos	0.463	3.71
1975 New York Mets	0.506	3.99
1975 Philadelphia Phillies	0.531	4.54
1975 San Diego Padres	0.438	3.41
1975 St. Louis Cardinals	0.503	4.06
1976 Cleveland Indians	0.509	3.87
1976 New York Yankees	0.61	4.59
1976 Chicago White Sox	0.398	3.64
1976 Detroit Tigers	0.46	3.78
1976 Milwaukee Brewers	0.41	3.54
1976 Oakland Athletics	0.54	4.26
1976 Baltimore Orioles	0.543	3.82
1976 Boston Red Sox	0.512	4.42
1976 California Angels	0.469	3.4
1976 Kansas City Royals	0.556	4.4
1976 Minnesota Twins	0.525	4.59
1976 Texas Rangers	0.469	3.8
1976 Atlanta Braves	0.432	3.83
1976 Chicago Cubs	0.463	3.77
1976 Cincinnati Reds	0.63	5.29
1976 Houston Astros	0.494	3.86
1976 Los Angeles Dodgers	0.568	3.75
1976 Montreal Expos	0.34	3.28
1976 New York Mets	0.531	3.8
1976 Philadelphia Phillies	0.623	4.75
1976 Pittsburgh Pirates	0.568	4.37
1976 San Diego Padres	0.451	3.52
1976 San Francisco Giants	0.457	3.67
1976 St. Louis Cardinals	0.444	3.88
1977 Baltimore Orioles	0.602	4.47
1977 Boston Red Sox	0.602	5.34
1977 Cleveland Indians	0.441	4.2
1977 Minnesota Twins	0.522	5.39
1977 Oakland Athletics	0.391	3.76
1977 Toronto Blue Jays	0.335	3.76
1977 California Angels	0.457	4.17
1977 Chicago White Sox	0.556	5.21
1977 Detroit Tigers	0.457	4.41
1977 Kansas City Royals	0.63	5.07
1977 Milwaukee Brewers	0.414	3.94
1977 New York Yankees	0.617	5.13
1977 Seattle Mariners	0.395	3.85
1977 Texas Rangers	0.58	4.73
1977 Atlanta Braves	0.377	4.19
1977 Chicago Cubs	0.5	4.27
1977 Cincinnati Reds	0.543	4.95
1977 Houston Astros	0.5	4.2
1977 Los Angeles Dodgers	0.605	4.75
1977 Montreal Expos	0.463	4.1
1977 New York Mets	0.395	3.62
1977 Philadelphia Phillies	0.623	5.23
1977 Pittsburgh Pirates	0.593	4.53
1977 San Diego Padres	0.426	4.27
1977 San Francisco Giants	0.463	4.15
1977 St. Louis Cardinals	0.512	4.55
1978 Cleveland Indians	0.434	4.02
1978 Seattle Mariners	0.35	3.84
1978 Baltimore Orioles	0.559	4.09
1978 Chicago White Sox	0.441	3.94
1978 Toronto Blue Jays	0.366	3.66
1978 Cincinnati Reds	0.571	4.41
1978 Pittsburgh Pirates	0.547	4.25
1978 California Angels	0.537	4.27
1978 Detroit Tigers	0.531	4.41
1978 Kansas City Royals	0.568	4.59
1978 Minnesota Twins	0.451	4.11
1978 Milwaukee Brewers	0.574	4.96
1978 Oakland Athletics	0.426	3.28
1978 Texas Rangers	0.537	4.27
1978 Atlanta Braves	0.426	3.7
1978 Chicago Cubs	0.488	4.1
1978 Houston Astros	0.457	3.73
1978 Los Angeles Dodgers	0.586	4.49
1978 Montreal Expos	0.469	3.91
1978 New York Mets	0.407	3.75
1978 Philadelphia Phillies	0.556	4.37
1978 San Diego Padres	0.519	3.65
1978 San Francisco Giants	0.549	3.78
1978 St. Louis Cardinals	0.426	3.7
1978 Boston Red Sox	0.607	4.88
1978 New York Yankees	0.613	4.51
1979 Baltimore Orioles	0.642	4.76
1979 Boston Red Sox	0.569	5.26
1979 Chicago White Sox	0.456	4.56
1979 New York Yankees	0.556	4.59
1979 Atlanta Braves	0.413	4.18
1979 Montreal Expos	0.594	4.38
1979 Cleveland Indians	0.503	4.72
1979 Detroit Tigers	0.528	4.78
1979 Milwaukee Brewers	0.59	5.01
1979 Cincinnati Reds	0.559	4.54
1979 San Diego Padres	0.422	3.75
1979 California Angels	0.543	5.35
1979 Kansas City Royals	0.525	5.25
1979 Minnesota Twins	0.506	4.72
1979 Oakland Athletics	0.333	3.54
1979 Seattle Mariners	0.414	4.39
1979 Texas Rangers	0.512	4.63
1979 Toronto Blue Jays	0.327	3.78
1979 Chicago Cubs	0.494	4.36
1979 Houston Astros	0.549	3.6
1979 Los Angeles Dodgers	0.488	4.56
1979 San Francisco Giants	0.438	4.15
1979 New York Mets	0.387	3.64
1979 Philadelphia Phillies	0.515	4.19
1979 Pittsburgh Pirates	0.601	4.75
1979 St. Louis Cardinals	0.528	4.48
1980 Boston Red Sox	0.519	4.73
1980 California Angels	0.406	4.36
1980 Cleveland Indians	0.494	4.61
1980 Minnesota Twins	0.478	4.16
1980 Atlanta Braves	0.503	3.91
1980 San Francisco Giants	0.466	3.56
1980 Baltimore Orioles	0.617	4.97
1980 Chicago White Sox	0.432	3.62
1980 Kansas City Royals	0.599	4.99
1980 Milwaukee Brewers	0.531	5.01
1980 New York Yankees	0.636	5.06
1980 Oakland Athletics	0.512	4.23
1980 Toronto Blue Jays	0.414	3.85
1980 Chicago Cubs	0.395	3.79
1980 Montreal Expos	0.556	4.28
1980 New York Mets	0.414	3.77
1980 Philadelphia Phillies	0.562	4.49
1980 Pittsburgh Pirates	0.512	4.11
1980 St. Louis Cardinals	0.457	4.56
1980 Detroit Tigers	0.515	5.09
1980 Seattle Mariners	0.362	3.74
1980 Texas Rangers	0.466	4.64
1980 Cincinnati Reds	0.546	4.34
1980 Houston Astros	0.571	3.91
1980 Los Angeles Dodgers	0.564	4.07
1980 San Diego Padres	0.448	3.63
1981 Cleveland Indians	0.505	4.18
1981 Kansas City Royals	0.485	3.85
1981 Pittsburgh Pirates	0.447	3.95
1981 St. Louis Cardinals	0.573	4.5
1981 Baltimore Orioles	0.562	4.09
1981 Texas Rangers	0.543	4.3
1981 New York Mets	0.39	3.31
1981 Chicago White Sox	0.509	4.49
1981 Toronto Blue Jays	0.349	3.1
1981 Chicago Cubs	0.358	3.49
1981 New York Yankees	0.551	3.93
1981 Atlanta Braves	0.467	3.69
1981 Philadelphia Phillies	0.551	4.59
1981 Boston Red Sox	0.546	4.81
1981 Cincinnati Reds	0.611	4.3
1981 Montreal Expos	0.556	4.1
1981 Detroit Tigers	0.55	3.92
1981 Milwaukee Brewers	0.569	4.52
1981 Oakland Athletics	0.587	4.2
1981 California Angels	0.464	4.33
1981 Minnesota Twins	0.373	3.44
1981 Seattle Mariners	0.4	3.87
1981 Houston Astros	0.555	3.58
1981 Los Angeles Dodgers	0.573	4.09
1981 San Diego Padres	0.373	3.47
1981 San Francisco Giants	0.505	3.85
1982 Boston Red Sox	0.549	4.65
1982 California Angels	0.574	5.02
1982 Chicago White Sox	0.537	4.85
1982 Cleveland Indians	0.481	4.22
1982 Detroit Tigers	0.512	4.5
1982 Kansas City Royals	0.556	4.84
1982 Minnesota Twins	0.37	4.06
1982 New York Yankees	0.488	4.38
1982 Oakland Athletics	0.42	4.27
1982 Seattle Mariners	0.469	4.02
1982 Texas Rangers	0.395	3.64
1982 Toronto Blue Jays	0.481	4.02
1982 Atlanta Braves	0.549	4.56
1982 Chicago Cubs	0.451	4.17
1982 Cincinnati Reds	0.377	3.36
1982 Houston Astros	0.475	3.51
1982 Los Angeles Dodgers	0.543	4.27
1982 Montreal Expos	0.531	4.3
1982 New York Mets	0.401	3.76
1982 Philadelphia Phillies	0.549	4.1
1982 Pittsburgh Pirates	0.519	4.47
1982 San Diego Padres	0.5	4.17
1982 San Francisco Giants	0.537	4.15
1982 St. Louis Cardinals	0.568	4.23
1982 Baltimore Orioles	0.577	4.75
1982 Milwaukee Brewers	0.583	5.47
1983 Baltimore Orioles	0.605	4.93
1983 Boston Red Sox	0.481	4.47
1983 California Angels	0.432	4.46
1983 Chicago White Sox	0.611	4.94
1983 Cleveland Indians	0.432	4.35
1983 Detroit Tigers	0.568	4.87
1983 Minnesota Twins	0.432	4.38
1983 Milwaukee Brewers	0.537	4.72
1983 New York Yankees	0.562	4.75
1983 Oakland Athletics	0.457	4.37
1983 Seattle Mariners	0.37	3.44
1983 Toronto Blue Jays	0.549	4.91
1983 Atlanta Braves	0.543	4.6
1983 Chicago Cubs	0.438	4.33
1983 Cincinnati Reds	0.457	3.85
1983 Houston Astros	0.525	3.97
1983 New York Mets	0.42	3.55
1983 Pittsburgh Pirates	0.519	4.07
1983 San Francisco Giants	0.488	4.24
1983 St. Louis Cardinals	0.488	4.19
1983 Kansas City Royals	0.485	4.27
1983 Texas Rangers	0.472	3.92
1983 Los Angeles Dodgers	0.558	4.01
1983 Montreal Expos	0.503	4.15
1983 Philadelphia Phillies	0.552	4.27
1983 San Diego Padres	0.497	4.01
1984 Milwaukee Brewers	0.416	3.98
1984 Texas Rangers	0.429	4.07
1984 Chicago Cubs	0.596	4.73
1984 Montreal Expos	0.484	3.68
1984 Baltimore Orioles	0.525	4.2
1984 Boston Red Sox	0.531	5
1984 California Angels	0.5	4.3
1984 Chicago White Sox	0.457	4.19
1984 Detroit Tigers	0.642	5.12
1984 Kansas City Royals	0.519	4.15
1984 Minnesota Twins	0.5	4.15
1984 New York Yankees	0.537	4.68
1984 Oakland Athletics	0.475	4.56
1984 Seattle Mariners	0.457	4.21
1984 Atlanta Braves	0.494	3.9
1984 Cincinnati Reds	0.432	3.87
1984 Houston Astros	0.494	4.28
1984 Los Angeles Dodgers	0.488	3.58
1984 New York Mets	0.556	4.02
1984 Philadelphia Phillies	0.5	4.44
1984 Pittsburgh Pirates	0.463	3.8
1984 San Diego Padres	0.568	4.23
1984 San Francisco Giants	0.407	4.21
1984 St. Louis Cardinals	0.519	4.02
1984 Cleveland Indians	0.46	4.67
1984 Toronto Blue Jays	0.546	4.6
1985 Baltimore Orioles	0.516	5.08
1985 Detroit Tigers	0.522	4.53
1985 Milwaukee Brewers	0.441	4.29
1985 New York Yankees	0.602	5.21
1985 Texas Rangers	0.385	3.83
1985 Toronto Blue Jays	0.615	4.71
1985 Montreal Expos	0.522	3.93
1985 Pittsburgh Pirates	0.354	3.53
1985 California Angels	0.556	4.52
1985 Cleveland Indians	0.37	4.5
1985 Kansas City Royals	0.562	4.24
1985 Minnesota Twins	0.475	4.35
1985 Oakland Athletics	0.475	4.67
1985 Seattle Mariners	0.457	4.44
1985 Atlanta Braves	0.407	3.9
1985 Chicago Cubs	0.475	4.23
1985 Cincinnati Reds	0.549	4.18
1985 Houston Astros	0.512	4.36
1985 Los Angeles Dodgers	0.586	4.21
1985 New York Mets	0.605	4.29
1985 Philadelphia Phillies	0.463	4.12
1985 San Diego Padres	0.512	4.01
1985 San Francisco Giants	0.383	3.43
1985 St. Louis Cardinals	0.623	4.61
1985 Boston Red Sox	0.497	4.91
1985 Chicago White Sox	0.521	4.52
1986 Chicago Cubs	0.438	4.25
1986 Boston Red Sox	0.59	4.93
1986 Milwaukee Brewers	0.478	4.14
1986 Atlanta Braves	0.447	3.82
1986 Montreal Expos	0.484	3.96
1986 Philadelphia Phillies	0.534	4.59
1986 St. Louis Cardinals	0.491	3.73
1986 Baltimore Orioles	0.451	4.37
1986 California Angels	0.568	4.85
1986 Chicago White Sox	0.444	3.98
1986 Detroit Tigers	0.537	4.93
1986 Kansas City Royals	0.469	4.04
1986 Minnesota Twins	0.438	4.57
1986 New York Yankees	0.556	4.92
1986 Oakland Athletics	0.469	4.51
1986 Seattle Mariners	0.414	4.43
1986 Texas Rangers	0.537	4.76
1986 Cincinnati Reds	0.531	4.52
1986 Houston Astros	0.593	4.04
1986 Los Angeles Dodgers	0.451	3.94
1986 New York Mets	0.667	4.83
1986 Pittsburgh Pirates	0.395	4.09
1986 San Diego Padres	0.457	4.05
1986 San Francisco Giants	0.512	4.31
1986 Cleveland Indians	0.515	5.1
1986 Toronto Blue Jays	0.528	4.96
1987 Atlanta Braves	0.429	4.64
1987 Chicago Cubs	0.472	4.47
1987 Baltimore Orioles	0.414	4.5
1987 Boston Red Sox	0.481	5.2
1987 California Angels	0.463	4.75
1987 Chicago White Sox	0.475	4.62
1987 Cleveland Indians	0.377	4.58
1987 Detroit Tigers	0.605	5.53
1987 Kansas City Royals	0.512	4.41
1987 Minnesota Twins	0.525	4.85
1987 Milwaukee Brewers	0.562	5.32
1987 New York Yankees	0.549	4.86
1987 Oakland Athletics	0.5	4.98
1987 Seattle Mariners	0.481	4.69
1987 Texas Rangers	0.463	5.08
1987 Toronto Blue Jays	0.593	5.22
1987 Cincinnati Reds	0.519	4.83
1987 Houston Astros	0.469	4
1987 Los Angeles Dodgers	0.451	3.92
1987 Montreal Expos	0.562	4.57
1987 New York Mets	0.568	5.08
1987 Philadelphia Phillies	0.494	4.33
1987 Pittsburgh Pirates	0.494	4.46
1987 San Diego Padres	0.401	4.12
1987 San Francisco Giants	0.556	4.83
1987 St. Louis Cardinals	0.586	4.93
1988 Atlanta Braves	0.338	3.47
1988 New York Mets	0.625	4.39
1988 Pittsburgh Pirates	0.531	4.07
1988 Baltimore Orioles	0.335	3.42
1988 Chicago White Sox	0.441	3.92
1988 Kansas City Royals	0.522	4.37
1988 New York Yankees	0.528	4.8
1988 Seattle Mariners	0.422	4.12
1988 Texas Rangers	0.435	3.96
1988 Cincinnati Reds	0.54	3.98
1988 San Diego Padres	0.516	3.69
1988 Boston Red Sox	0.549	5.02
1988 California Angels	0.463	4.41
1988 Cleveland Indians	0.481	4.11
1988 Detroit Tigers	0.543	4.34
1988 Minnesota Twins	0.562	4.69
1988 Milwaukee Brewers	0.537	4.21
1988 Oakland Athletics	0.642	4.94
1988 Toronto Blue Jays	0.537	4.71
1988 Houston Astros	0.506	3.81
1988 Los Angeles Dodgers	0.58	3.88
1988 Philadelphia Phillies	0.401	3.69
1988 San Francisco Giants	0.512	4.14
1988 St. Louis Cardinals	0.469	3.57
1988 Chicago Cubs	0.472	4.05
1988 Montreal Expos	0.497	3.85
1989 Los Angeles Dodgers	0.481	3.46
1989 Chicago White Sox	0.429	4.3
1989 New York Yankees	0.46	4.34
1989 Atlanta Braves	0.391	3.63
1989 Baltimore Orioles	0.537	4.37
1989 Boston Red Sox	0.512	4.78
1989 California Angels	0.562	4.13
1989 Cleveland Indians	0.451	3.73
1989 Detroit Tigers	0.364	3.81
1989 Kansas City Royals	0.568	4.26
1989 Minnesota Twins	0.494	4.57
1989 Milwaukee Brewers	0.5	4.36
1989 Oakland Athletics	0.611	4.4
1989 Seattle Mariners	0.451	4.28
1989 Texas Rangers	0.512	4.29
1989 Toronto Blue Jays	0.549	4.51
1989 Chicago Cubs	0.574	4.33
1989 Cincinnati Reds	0.463	3.9
1989 Houston Astros	0.531	3.99
1989 Montreal Expos	0.5	3.9
1989 New York Mets	0.537	4.22
1989 San Diego Padres	0.549	3.96
1989 San Francisco Giants	0.568	4.31
1989 Philadelphia Phillies	0.411	3.86
1989 Pittsburgh Pirates	0.451	3.88
1989 St. Louis Cardinals	0.524	3.85
1990 Baltimore Orioles	0.472	4.16
1990 Kansas City Royals	0.466	4.39
1990 Boston Red Sox	0.543	4.31
1990 California Angels	0.494	4.26
1990 Chicago White Sox	0.58	4.21
1990 Cleveland Indians	0.475	4.52
1990 Detroit Tigers	0.488	4.63
1990 Minnesota Twins	0.457	4.11
1990 Milwaukee Brewers	0.457	4.52
1990 New York Yankees	0.414	3.72
1990 Oakland Athletics	0.636	4.52
1990 Seattle Mariners	0.475	3.95
1990 Texas Rangers	0.512	4.17
1990 Toronto Blue Jays	0.531	4.73
1990 Atlanta Braves	0.401	4.21
1990 Chicago Cubs	0.475	4.26
1990 Cincinnati Reds	0.562	4.28
1990 Houston Astros	0.463	3.54
1990 Los Angeles Dodgers	0.531	4.49
1990 Montreal Expos	0.525	4.09
1990 New York Mets	0.562	4.78
1990 Philadelphia Phillies	0.475	3.99
1990 Pittsburgh Pirates	0.586	4.52
1990 San Diego Padres	0.463	4.15
1990 San Francisco Giants	0.525	4.44
1990 St. Louis Cardinals	0.432	3.7
1991 Chicago Cubs	0.481	4.34
1991 Montreal Expos	0.441	3.6
1991 New York Mets	0.478	3.98
1991 Baltimore Orioles	0.414	4.23
1991 Boston Red Sox	0.519	4.51
1991 California Angels	0.5	4.03
1991 Chicago White Sox	0.537	4.68
1991 Cleveland Indians	0.352	3.56
1991 Detroit Tigers	0.519	5.04
1991 Kansas City Royals	0.506	4.49
1991 Minnesota Twins	0.586	4.79
1991 Milwaukee Brewers	0.512	4.93
1991 New York Yankees	0.438	4.16
1991 Oakland Athletics	0.519	4.69
1991 Seattle Mariners	0.512	4.33
1991 Texas Rangers	0.525	5.12
1991 Toronto Blue Jays	0.562	4.22
1991 Atlanta Braves	0.58	4.62
1991 Cincinnati Reds	0.457	4.25
1991 Houston Astros	0.401	3.73
1991 Los Angeles Dodgers	0.574	4.1
1991 Philadelphia Phillies	0.481	3.88
1991 Pittsburgh Pirates	0.605	4.74
1991 San Diego Padres	0.519	3.93
1991 San Francisco Giants	0.463	4.01
1991 St. Louis Cardinals	0.519	4.02
1992 Baltimore Orioles	0.549	4.35
1992 Boston Red Sox	0.451	3.7
1992 California Angels	0.444	3.57
1992 Chicago White Sox	0.531	4.56
1992 Cleveland Indians	0.469	4.16
1992 Detroit Tigers	0.463	4.88
1992 Kansas City Royals	0.444	3.77
1992 Minnesota Twins	0.556	4.61
1992 Milwaukee Brewers	0.568	4.57
1992 New York Yankees	0.469	4.52
1992 Oakland Athletics	0.593	4.6
1992 Seattle Mariners	0.395	4.19
1992 Texas Rangers	0.475	4.21
1992 Toronto Blue Jays	0.593	4.81
1992 Atlanta Braves	0.605	4.21
1992 Chicago Cubs	0.481	3.66
1992 Cincinnati Reds	0.556	4.07
1992 Houston Astros	0.5	3.75
1992 Los Angeles Dodgers	0.389	3.38
1992 Montreal Expos	0.537	4
1992 New York Mets	0.444	3.7
1992 Philadelphia Phillies	0.432	4.23
1992 Pittsburgh Pirates	0.593	4.28
1992 San Diego Padres	0.506	3.81
1992 San Francisco Giants	0.444	3.54
1992 St. Louis Cardinals	0.512	3.9
1993 Baltimore Orioles	0.525	4.85
1993 Boston Red Sox	0.494	4.23
1993 California Angels	0.438	4.22
1993 Chicago White Sox	0.58	4.79
1993 Cleveland Indians	0.469	4.88
1993 Detroit Tigers	0.525	5.55
1993 Kansas City Royals	0.519	4.17
1993 Minnesota Twins	0.438	4.28
1993 Milwaukee Brewers	0.426	4.52
1993 New York Yankees	0.543	5.07
1993 Oakland Athletics	0.42	4.41
1993 Seattle Mariners	0.506	4.53
1993 Texas Rangers	0.531	5.15
1993 Toronto Blue Jays	0.586	5.23
1993 Atlanta Braves	0.642	4.73
1993 Cincinnati Reds	0.451	4.46
1993 Colorado Rockies	0.414	4.68
1993 Florida Marlins	0.395	3.59
1993 Houston Astros	0.525	4.42
1993 Los Angeles Dodgers	0.5	4.17
1993 New York Mets	0.364	4.15
1993 Philadelphia Phillies	0.599	5.41
1993 Pittsburgh Pirates	0.463	4.36
1993 San Diego Padres	0.377	4.19
1993 San Francisco Giants	0.636	4.99
1993 St. Louis Cardinals	0.537	4.68
1993 Chicago Cubs	0.515	4.53
1993 Montreal Expos	0.577	4.49
1994 Baltimore Orioles	0.563	5.26
1994 Seattle Mariners	0.438	5.08
1994 Chicago White Sox	0.593	5.6
1994 Cleveland Indians	0.584	6.01
1994 Minnesota Twins	0.469	5.26
1994 New York Yankees	0.619	5.93
1994 Chicago Cubs	0.434	4.42
1994 New York Mets	0.487	4.48
1994 Oakland Athletics	0.447	4.82
1994 Texas Rangers	0.456	5.38
1994 Atlanta Braves	0.596	4.75
1994 Los Angeles Dodgers	0.509	4.67
1994 Montreal Expos	0.649	5.13
1994 Pittsburgh Pirates	0.465	4.09
1994 Boston Red Sox	0.47	4.8
1994 California Angels	0.409	4.72
1994 Detroit Tigers	0.461	5.67
1994 Kansas City Royals	0.557	4.99
1994 Milwaukee Brewers	0.461	4.76
1994 Toronto Blue Jays	0.478	4.92
1994 Cincinnati Reds	0.574	5.3
1994 Florida Marlins	0.443	4.07
1994 Houston Astros	0.574	5.23
1994 Philadelphia Phillies	0.47	4.53
1994 San Francisco Giants	0.478	4.38
1994 St. Louis Cardinals	0.461	4.65
1994 Colorado Rockies	0.453	4.9
1994 San Diego Padres	0.402	4.09
1995 Florida Marlins	0.469	4.71
1995 St. Louis Cardinals	0.434	3.94
1995 Baltimore Orioles	0.493	4.89
1995 Boston Red Sox	0.597	5.49
1995 Cleveland Indians	0.694	5.83
1995 Detroit Tigers	0.417	4.54
1995 Kansas City Royals	0.486	4.37
1995 Minnesota Twins	0.389	4.88
1995 Milwaukee Brewers	0.451	5.14
1995 Oakland Athletics	0.465	5.07
1995 Texas Rangers	0.514	4.8
1995 Toronto Blue Jays	0.389	4.46
1995 Atlanta Braves	0.625	4.48
1995 Chicago Cubs	0.507	4.81
1995 Cincinnati Reds	0.59	5.19
1995 Colorado Rockies	0.535	5.45
1995 Houston Astros	0.528	5.19
1995 Los Angeles Dodgers	0.542	4.4
1995 Montreal Expos	0.458	4.31
1995 New York Mets	0.479	4.56
1995 Philadelphia Phillies	0.479	4.27
1995 Pittsburgh Pirates	0.403	4.37
1995 San Diego Padres	0.486	4.64
1995 San Francisco Giants	0.465	4.53
1995 California Angels	0.538	5.52
1995 Chicago White Sox	0.469	5.21
1995 New York Yankees	0.545	5.17
1995 Seattle Mariners	0.545	5.49
1996 California Angels	0.435	4.73
1996 Cleveland Indians	0.615	5.91
1996 Kansas City Royals	0.466	4.63
1996 Seattle Mariners	0.528	6.17
1996 Boston Red Sox	0.525	5.73
1996 Chicago White Sox	0.525	5.54
1996 Detroit Tigers	0.327	4.83
1996 Minnesota Twins	0.481	5.41
1996 Milwaukee Brewers	0.494	5.52
1996 New York Yankees	0.568	5.38
1996 Oakland Athletics	0.481	5.31
1996 Toronto Blue Jays	0.457	4.73
1996 Atlanta Braves	0.593	4.77
1996 Chicago Cubs	0.469	4.77
1996 Cincinnati Reds	0.5	4.8
1996 Colorado Rockies	0.512	5.93
1996 Florida Marlins	0.494	4.25
1996 Houston Astros	0.506	4.65
1996 Los Angeles Dodgers	0.556	4.34
1996 Montreal Expos	0.543	4.57
1996 New York Mets	0.438	4.6
1996 Philadelphia Phillies	0.414	4.01
1996 Pittsburgh Pirates	0.451	4.79
1996 San Diego Padres	0.562	4.76
1996 San Francisco Giants	0.42	4.64
1996 St. Louis Cardinals	0.543	4.69
1996 Baltimore Orioles	0.54	5.82
1996 Texas Rangers	0.552	5.69
1997 Chicago White Sox	0.497	4.84
1997 Cleveland Indians	0.534	5.39
1997 Kansas City Royals	0.416	4.64
1997 Milwaukee Brewers	0.484	4.23
1997 Anaheim Angels	0.519	5.12
1997 Baltimore Orioles	0.605	5.01
1997 Boston Red Sox	0.481	5.25
1997 Detroit Tigers	0.488	4.84
1997 Minnesota Twins	0.42	4.77
1997 New York Yankees	0.593	5.5
1997 Oakland Athletics	0.401	4.72
1997 Seattle Mariners	0.556	5.71
1997 Texas Rangers	0.475	4.98
1997 Toronto Blue Jays	0.469	4.04
1997 Atlanta Braves	0.623	4.88
1997 Chicago Cubs	0.42	4.24
1997 Cincinnati Reds	0.469	4.02
1997 Colorado Rockies	0.512	5.7
1997 Florida Marlins	0.568	4.57
1997 Houston Astros	0.519	4.8
1997 Los Angeles Dodgers	0.543	4.58
1997 Montreal Expos	0.481	4.27
1997 New York Mets	0.543	4.8
1997 Philadelphia Phillies	0.42	4.12
1997 Pittsburgh Pirates	0.488	4.48
1997 San Diego Padres	0.469	4.91
1997 San Francisco Giants	0.556	4.84
1997 St. Louis Cardinals	0.451	4.25
1998 Kansas City Royals	0.447	4.43
1998 Seattle Mariners	0.472	5.34
1998 Anaheim Angels	0.525	4.86
1998 Baltimore Orioles	0.488	5.04
1998 Boston Red Sox	0.568	5.41
1998 Cleveland Indians	0.549	5.25
1998 Detroit Tigers	0.401	4.46
1998 Minnesota Twins	0.432	4.53
1998 New York Yankees	0.704	5.96
1998 Oakland Athletics	0.457	4.96
1998 Tampa Bay Devil Rays	0.389	3.83
1998 Texas Rangers	0.543	5.8
1998 Arizona Diamondbacks	0.401	4.1
1998 Atlanta Braves	0.654	5.1
1998 Cincinnati Reds	0.475	4.63
1998 Colorado Rockies	0.475	5.1
1998 Florida Marlins	0.333	4.12
1998 Houston Astros	0.63	5.4
1998 Los Angeles Dodgers	0.512	4.13
1998 Milwaukee Brewers	0.457	4.36
1998 Montreal Expos	0.401	3.98
1998 New York Mets	0.543	4.36
1998 Philadelphia Phillies	0.463	4.4
1998 San Diego Padres	0.605	4.62
1998 Chicago White Sox	0.491	5.28
1998 Toronto Blue Jays	0.54	5.01
1998 Chicago Cubs	0.552	5.1
1998 Pittsburgh Pirates	0.423	3.99
1998 San Francisco Giants	0.546	5.18
1998 St. Louis Cardinals	0.509	4.97
1999 Detroit Tigers	0.429	4.64
1999 Kansas City Royals	0.398	5.32
1999 Minnesota Twins	0.391	4.26
1999 Milwaukee Brewers	0.46	5.06
1999 Pittsburgh Pirates	0.484	4.81
1999 St. Louis Cardinals	0.466	5.02
1999 Anaheim Angels	0.432	4.39
1999 Baltimore Orioles	0.481	5.25
1999 Boston Red Sox	0.58	5.16
1999 Chicago White Sox	0.463	4.8
1999 Cleveland Indians	0.599	6.23
1999 New York Yankees	0.605	5.56
1999 Oakland Athletics	0.537	5.51
1999 Seattle Mariners	0.488	5.3
1999 Tampa Bay Devil Rays	0.426	4.77
1999 Texas Rangers	0.586	5.83
1999 Toronto Blue Jays	0.519	5.45
1999 Arizona Diamondbacks	0.617	5.6
1999 Atlanta Braves	0.636	5.19
1999 Chicago Cubs	0.414	4.61
1999 Colorado Rockies	0.444	5.59
1999 Florida Marlins	0.395	4.27
1999 Houston Astros	0.599	5.08
1999 Los Angeles Dodgers	0.475	4.9
1999 Montreal Expos	0.42	4.43
1999 Philadelphia Phillies	0.475	5.19
1999 San Diego Padres	0.457	4.38
1999 San Francisco Giants	0.531	5.38
1999 Cincinnati Reds	0.589	5.31
1999 New York Mets	0.595	5.23
2000 New York Yankees	0.54	5.41
2000 Oakland Athletics	0.565	5.88
2000 Tampa Bay Devil Rays	0.429	4.55
2000 Florida Marlins	0.491	4.54
2000 Anaheim Angels	0.506	5.33
2000 Baltimore Orioles	0.457	4.9
2000 Boston Red Sox	0.525	4.89
2000 Chicago White Sox	0.586	6.04
2000 Cleveland Indians	0.556	5.86
2000 Detroit Tigers	0.488	5.08
2000 Kansas City Royals	0.475	5.43
2000 Minnesota Twins	0.426	4.62
2000 Seattle Mariners	0.562	5.6
2000 Texas Rangers	0.438	5.23
2000 Toronto Blue Jays	0.512	5.31
2000 Arizona Diamondbacks	0.525	4.89
2000 Atlanta Braves	0.586	5
2000 Chicago Cubs	0.401	4.72
2000 Colorado Rockies	0.506	5.98
2000 Houston Astros	0.444	5.79
2000 Los Angeles Dodgers	0.531	4.93
2000 Montreal Expos	0.414	4.56
2000 New York Mets	0.58	4.98
2000 Philadelphia Phillies	0.401	4.37
2000 Pittsburgh Pirates	0.426	4.9
2000 San Diego Padres	0.469	4.64
2000 San Francisco Giants	0.599	5.71
2000 St. Louis Cardinals	0.586	5.48
2000 Cincinnati Reds	0.521	5.06
2000 Milwaukee Brewers	0.448	4.54
2001 Boston Red Sox	0.509	4.8
2001 New York Yankees	0.59	4.99
2001 Anaheim Angels	0.463	4.27
2001 Baltimore Orioles	0.389	4.24
2001 Chicago White Sox	0.512	4.93
2001 Cleveland Indians	0.562	5.54
2001 Detroit Tigers	0.407	4.47
2001 Kansas City Royals	0.401	4.5
2001 Minnesota Twins	0.525	4.76
2001 Oakland Athletics	0.63	5.46
2001 Seattle Mariners	0.716	5.72
2001 Tampa Bay Devil Rays	0.383	4.15
2001 Texas Rangers	0.451	5.49
2001 Toronto Blue Jays	0.494	4.73
2001 Arizona Diamondbacks	0.568	5.05
2001 Atlanta Braves	0.543	4.5
2001 Chicago Cubs	0.543	4.8
2001 Cincinnati Reds	0.407	4.54
2001 Colorado Rockies	0.451	5.7
2001 Florida Marlins	0.469	4.58
2001 Houston Astros	0.574	5.23
2001 Los Angeles Dodgers	0.531	4.68
2001 Milwaukee Brewers	0.42	4.57
2001 Montreal Expos	0.42	4.14
2001 New York Mets	0.506	3.96
2001 Philadelphia Phillies	0.531	4.6
2001 Pittsburgh Pirates	0.383	4.06
2001 San Diego Padres	0.488	4.87
2001 San Francisco Giants	0.556	4.93
2001 St. Louis Cardinals	0.574	5.02
2002 Detroit Tigers	0.342	3.57
2002 Minnesota Twins	0.584	4.77
2002 New York Yankees	0.64	5.57
2002 Tampa Bay Devil Rays	0.342	4.18
2002 Atlanta Braves	0.627	4.4
2002 New York Mets	0.466	4.29
2002 Philadelphia Phillies	0.497	4.41
2002 Pittsburgh Pirates	0.447	3.98
2002 Anaheim Angels	0.611	5.25
2002 Baltimore Orioles	0.414	4.12
2002 Boston Red Sox	0.574	5.3
2002 Chicago White Sox	0.5	5.28
2002 Cleveland Indians	0.457	4.56
2002 Kansas City Royals	0.383	4.55
2002 Oakland Athletics	0.636	4.94
2002 Seattle Mariners	0.574	5.02
2002 Texas Rangers	0.444	5.2
2002 Toronto Blue Jays	0.481	5.02
2002 Arizona Diamondbacks	0.605	5.06
2002 Chicago Cubs	0.414	4.36
2002 Cincinnati Reds	0.481	4.38
2002 Colorado Rockies	0.451	4.8
2002 Florida Marlins	0.488	4.31
2002 Houston Astros	0.519	4.62
2002 Los Angeles Dodgers	0.568	4.4
2002 Milwaukee Brewers	0.346	3.87
2002 Montreal Expos	0.512	4.54
2002 San Diego Padres	0.407	4.09
2002 San Francisco Giants	0.586	4.83
2002 St. Louis Cardinals	0.599	4.86
2003 New York Mets	0.41	3.99
2003 San Francisco Giants	0.621	4.69
2003 Anaheim Angels	0.475	4.54
2003 Boston Red Sox	0.586	5.93
2003 Chicago White Sox	0.531	4.88
2003 Cleveland Indians	0.42	4.31
2003 Detroit Tigers	0.265	3.65
2003 Kansas City Royals	0.512	5.16
2003 Minnesota Twins	0.556	4.94
2003 Oakland Athletics	0.593	4.74
2003 Seattle Mariners	0.574	4.91
2003 Tampa Bay Devil Rays	0.389	4.41
2003 Texas Rangers	0.438	5.1
2003 Toronto Blue Jays	0.531	5.52
2003 Arizona Diamondbacks	0.519	4.43
2003 Atlanta Braves	0.623	5.6
2003 Chicago Cubs	0.543	4.47
2003 Cincinnati Reds	0.426	4.28
2003 Colorado Rockies	0.457	5.27
2003 Florida Marlins	0.562	4.64
2003 Houston Astros	0.537	4.97
2003 Los Angeles Dodgers	0.525	3.54
2003 Milwaukee Brewers	0.42	4.41
2003 Montreal Expos	0.512	4.39
2003 Philadelphia Phillies	0.531	4.88
2003 Pittsburgh Pirates	0.463	4.65
2003 San Diego Padres	0.395	4.19
2003 St. Louis Cardinals	0.525	5.41
2003 Baltimore Orioles	0.436	4.56
2003 New York Yankees	0.62	5.38
2004 Tampa Bay Devil Rays	0.435	4.43
2004 Toronto Blue Jays	0.416	4.47
2004 Milwaukee Brewers	0.416	3.94
2004 Pittsburgh Pirates	0.447	4.22
2004 Anaheim Angels	0.568	5.16
2004 Baltimore Orioles	0.481	5.2
2004 Boston Red Sox	0.605	5.86
2004 Chicago White Sox	0.512	5.34
2004 Cleveland Indians	0.494	5.3
2004 Detroit Tigers	0.444	5.1
2004 Kansas City Royals	0.358	4.44
2004 Minnesota Twins	0.568	4.81
2004 New York Yankees	0.623	5.54
2004 Oakland Athletics	0.562	4.9
2004 Seattle Mariners	0.389	4.31
2004 Texas Rangers	0.549	5.31
2004 Arizona Diamondbacks	0.315	3.8
2004 Atlanta Braves	0.593	4.96
2004 Chicago Cubs	0.549	4.87
2004 Cincinnati Reds	0.469	4.63
2004 Colorado Rockies	0.42	5.14
2004 Florida Marlins	0.512	4.43
2004 Houston Astros	0.568	4.96
2004 Los Angeles Dodgers	0.574	4.7
2004 Montreal Expos	0.414	3.92
2004 New York Mets	0.438	4.22
2004 Philadelphia Phillies	0.531	5.19
2004 San Diego Padres	0.537	4.74
2004 San Francisco Giants	0.562	5.25
2004 St. Louis Cardinals	0.648	5.28
2005 Baltimore Orioles	0.457	4.5
2005 Boston Red Sox	0.586	5.62
2005 Chicago White Sox	0.611	4.57
2005 Cleveland Indians	0.574	4.88
2005 Detroit Tigers	0.438	4.46
2005 Kansas City Royals	0.346	4.33
2005 Los Angeles Angels of Anaheim	0.586	4.7
2005 Minnesota Twins	0.512	4.25
2005 New York Yankees	0.586	5.47
2005 Oakland Athletics	0.543	4.77
2005 Seattle Mariners	0.426	4.31
2005 Tampa Bay Devil Rays	0.414	4.63
2005 Texas Rangers	0.488	5.34
2005 Toronto Blue Jays	0.494	4.78
2005 Arizona Diamondbacks	0.475	4.3
2005 Atlanta Braves	0.556	4.75
2005 Chicago Cubs	0.488	4.34
2005 Colorado Rockies	0.414	4.57
2005 Florida Marlins	0.512	4.43
2005 Los Angeles Dodgers	0.438	4.23
2005 Milwaukee Brewers	0.5	4.48
2005 New York Mets	0.512	4.46
2005 Philadelphia Phillies	0.543	4.98
2005 Pittsburgh Pirates	0.414	4.2
2005 San Diego Padres	0.506	4.22
2005 San Francisco Giants	0.463	4.01
2005 St. Louis Cardinals	0.617	4.97
2005 Washington Nationals	0.5	3.94
2005 Cincinnati Reds	0.448	5.03
2005 Houston Astros	0.546	4.25
2006 San Francisco Giants	0.472	4.63
2006 St. Louis Cardinals	0.516	4.85
2006 Baltimore Orioles	0.432	4.74
2006 Boston Red Sox	0.531	5.06
2006 Chicago White Sox	0.556	5.36
2006 Cleveland Indians	0.481	5.37
2006 Detroit Tigers	0.586	5.07
2006 Kansas City Royals	0.383	4.67
2006 Los Angeles Angels of Anaheim	0.549	4.73
2006 Minnesota Twins	0.593	4.94
2006 New York Yankees	0.599	5.74
2006 Oakland Athletics	0.574	4.76
2006 Seattle Mariners	0.481	4.67
2006 Tampa Bay Devil Rays	0.377	4.25
2006 Texas Rangers	0.494	5.15
2006 Toronto Blue Jays	0.537	4.99
2006 Arizona Diamondbacks	0.469	4.77
2006 Atlanta Braves	0.488	5.24
2006 Chicago Cubs	0.407	4.42
2006 Cincinnati Reds	0.494	4.62
2006 Colorado Rockies	0.469	5.02
2006 Florida Marlins	0.481	4.68
2006 Houston Astros	0.506	4.54
2006 Los Angeles Dodgers	0.543	5.06
2006 Milwaukee Brewers	0.463	4.51
2006 New York Mets	0.599	5.15
2006 Philadelphia Phillies	0.525	5.34
2006 Pittsburgh Pirates	0.414	4.27
2006 San Diego Padres	0.543	4.51
2006 Washington Nationals	0.438	4.6
2007 Baltimore Orioles	0.426	4.67
2007 Boston Red Sox	0.593	5.35
2007 Chicago White Sox	0.444	4.28
2007 Cleveland Indians	0.593	5.01
2007 Detroit Tigers	0.543	5.48
2007 Kansas City Royals	0.426	4.36
2007 Los Angeles Angels of Anaheim	0.58	5.07
2007 Minnesota Twins	0.488	4.43
2007 New York Yankees	0.58	5.98
2007 Oakland Athletics	0.469	4.57
2007 Seattle Mariners	0.543	4.9
2007 Tampa Bay Devil Rays	0.407	4.83
2007 Texas Rangers	0.463	5.04
2007 Toronto Blue Jays	0.512	4.65
2007 Arizona Diamondbacks	0.556	4.4
2007 Atlanta Braves	0.519	5
2007 Chicago Cubs	0.525	4.64
2007 Cincinnati Reds	0.444	4.83
2007 Florida Marlins	0.438	4.88
2007 Houston Astros	0.451	4.46
2007 Los Angeles Dodgers	0.506	4.54
2007 Milwaukee Brewers	0.512	4.94
2007 New York Mets	0.543	4.96
2007 Philadelphia Phillies	0.549	5.51
2007 Pittsburgh Pirates	0.42	4.47
2007 San Francisco Giants	0.438	4.22
2007 St. Louis Cardinals	0.481	4.48
2007 Washington Nationals	0.451	4.15
2007 Colorado Rockies	0.552	5.28
2007 San Diego Padres	0.546	4.55
2008 Baltimore Orioles	0.422	4.86
2008 Oakland Athletics	0.466	4.01
2008 Chicago Cubs	0.602	5.31
2008 Florida Marlins	0.522	4.78
2008 Houston Astros	0.534	4.42
2008 Washington Nationals	0.366	3.98
2008 Boston Red Sox	0.586	5.22
2008 Cleveland Indians	0.5	4.97
2008 Detroit Tigers	0.457	5.07
2008 Kansas City Royals	0.463	4.27
2008 Los Angeles Angels of Anaheim	0.617	4.72
2008 New York Yankees	0.549	4.87
2008 Seattle Mariners	0.377	4.14
2008 Tampa Bay Rays	0.599	4.78
2008 Texas Rangers	0.488	5.56
2008 Toronto Blue Jays	0.531	4.41
2008 Arizona Diamondbacks	0.506	4.44
2008 Atlanta Braves	0.444	4.65
2008 Cincinnati Reds	0.457	4.35
2008 Colorado Rockies	0.457	4.61
2008 Los Angeles Dodgers	0.519	4.32
2008 Milwaukee Brewers	0.556	4.63
2008 New York Mets	0.549	4.93
2008 Philadelphia Phillies	0.568	4.93
2008 Pittsburgh Pirates	0.414	4.54
2008 San Diego Padres	0.389	3.93
2008 San Francisco Giants	0.444	3.95
2008 St. Louis Cardinals	0.531	4.81
2008 Chicago White Sox	0.546	4.98
2008 Minnesota Twins	0.54	5.09
2009 Chicago Cubs	0.516	4.39
2009 Pittsburgh Pirates	0.385	3.95
2009 Baltimore Orioles	0.395	4.57
2009 Boston Red Sox	0.586	5.38
2009 Chicago White Sox	0.488	4.47
2009 Cleveland Indians	0.401	4.77
2009 Kansas City Royals	0.401	4.23
2009 Los Angeles Angels of Anaheim	0.599	5.45
2009 New York Yankees	0.636	5.65
2009 Oakland Athletics	0.463	4.69
2009 Seattle Mariners	0.525	3.95
2009 Tampa Bay Rays	0.519	4.96
2009 Texas Rangers	0.537	4.84
2009 Toronto Blue Jays	0.463	4.93
2009 Arizona Diamondbacks	0.432	4.44
2009 Atlanta Braves	0.531	4.54
2009 Cincinnati Reds	0.481	4.15
2009 Colorado Rockies	0.568	4.96
2009 Florida Marlins	0.537	4.77
2009 Houston Astros	0.457	3.97
2009 Los Angeles Dodgers	0.586	4.81
2009 Milwaukee Brewers	0.494	4.85
2009 New York Mets	0.432	4.14
2009 Philadelphia Phillies	0.574	5.06
2009 San Diego Padres	0.463	3.94
2009 San Francisco Giants	0.543	4.06
2009 St. Louis Cardinals	0.562	4.51
2009 Washington Nationals	0.364	4.38
2009 Detroit Tigers	0.528	4.56
2009 Minnesota Twins	0.534	5.01
2010 Toronto Blue Jays	0.525	4.66
2010 St. Louis Cardinals	0.531	4.54
2010 Tampa Bay Rays	0.593	4.95
2010 Texas Rangers	0.556	4.86
2010 San Francisco Giants	0.568	4.3
2010 San Diego Padres	0.556	4.1
2010 Seattle Mariners	0.377	3.17
2010 Philadelphia Phillies	0.599	4.77
2010 Pittsburgh Pirates	0.352	3.62
2010 New York Yankees	0.586	5.3
2010 New York Mets	0.488	4.05
2010 Oakland Athletics	0.5	4.09
2010 Minnesota Twins	0.58	4.82
2010 Los Angeles Dodgers	0.494	4.12
2010 Milwaukee Brewers	0.475	4.63
2010 Kansas City Royals	0.414	4.17
2010 Los Angeles Angels of Anaheim	0.494	4.2
2010 Houston Astros	0.469	3.77
2010 Florida Marlins	0.494	4.44
2010 Colorado Rockies	0.512	4.75
2010 Detroit Tigers	0.5	4.64
2010 Cleveland Indians	0.426	3.99
2010 Baltimore Orioles	0.407	3.78
2010 Boston Red Sox	0.549	5.05
2010 Chicago White Sox	0.543	4.64
2010 Chicago Cubs	0.463	4.23
2010 Cincinnati Reds	0.562	4.88
2010 Washington Nationals	0.426	4.04
2010 Atlanta Braves	0.562	4.56
2010 Arizona Diamondbacks	0.401	4.4